oid	time	aircraftId	flightNumber	latitude	longitude	altitude	direction	verticalRate	v
5a736908e9630e33cfa71b5b	Thu Feb 01 2018 12:22:48 GMT-0700 (MST)	a8d4ad		39.830979	-104.980469	13375	240	4032	0
5a73690de9630e33cfa71b5c	Thu Feb 01 2018 12:22:53 GMT-0700 (MST)	a8d4ad		39.830979	-104.980469	13375	240	4096	0
5a736912e9630e33cfa71b5d	Thu Feb 01 2018 12:22:58 GMT-0700 (MST)	a8d4ad		39.830979	-104.980469	13375	241	3904	0
5a736917e9630e33cfa71b5e	Thu Feb 01 2018 12:23:03 GMT-0700 (MST)	a8d4ad		39.821343	-105.002197	14325	241	3904	0
5a73691ce9630e33cfa71b5f	Thu Feb 01 2018 12:23:08 GMT-0700 (MST)	a8d4ad		39.821343	-105.002197	14325	241	3648	0
5a736921e9630e33cfa71b60	Thu Feb 01 2018 12:23:13 GMT-0700 (MST)	a8d4ad		39.815291	-105.016418	14925	242	3648	0
5a736926e9630e33cfa71b61	Thu Feb 01 2018 12:23:18 GMT-0700 (MST)	a8d4ad		39.812485	-105.023028	15200	241	3392	0
5a73692be9630e33cfa71b62	Thu Feb 01 2018 12:23:23 GMT-0700 (MST)	a8d4ad		39.809472	-105.029968	15450	241	2944	0
5a736930e9630e33cfa71b63	Thu Feb 01 2018 12:23:28 GMT-0700 (MST)	a66217		39.868881	-105.040104	6475	300	-1280	0
5a736930e9630e33cfa71b64	Thu Feb 01 2018 12:23:28 GMT-0700 (MST)	a8d4ad		39.805756	-105.038552	15725	241	2944	0
5a736935e9630e33cfa71b65	Thu Feb 01 2018 12:23:33 GMT-0700 (MST)	a66217	N510GT  	39.870941	-105.044045	6400	300	-896	0
5a736935e9630e33cfa71b66	Thu Feb 01 2018 12:23:33 GMT-0700 (MST)	a8d4ad		39.805756	-105.038552	15725	241	2944	0
5a73693ae9630e33cfa71b67	Thu Feb 01 2018 12:23:38 GMT-0700 (MST)	a66217	N510GT  	39.871445	-105.04506	6375	301	-576	0
5a73693ae9630e33cfa71b68	Thu Feb 01 2018 12:23:38 GMT-0700 (MST)	a8d4ad		39.800162	-105.051147	16050	241	2944	0
5a73693fe9630e33cfa71b69	Thu Feb 01 2018 12:23:43 GMT-0700 (MST)	a66217	N510GT  	39.874366	-105.050903	6300	301	-640	0
5a73693fe9630e33cfa71b6a	Thu Feb 01 2018 12:23:43 GMT-0700 (MST)	a8d4ad		39.800162	-105.051147	16050	240	2176	0
5a736944e9630e33cfa71b6b	Thu Feb 01 2018 12:23:48 GMT-0700 (MST)	a66217	N510GT  	39.876414	-105.054688	6225	301	-704	0
5a736944e9630e33cfa71b6c	Thu Feb 01 2018 12:23:48 GMT-0700 (MST)	a8d4ad		39.793442	-105.066256	16375	241	1536	0
5a736949e9630e33cfa71b6d	Thu Feb 01 2018 12:23:53 GMT-0700 (MST)	a66217	N510GT  	39.878128	-105.057957	6175	302	-704	0
5a736949e9630e33cfa71b6e	Thu Feb 01 2018 12:23:53 GMT-0700 (MST)	a8d4ad		39.789874	-105.074646	16475	241	1536	0
5a73694ee9630e33cfa71b6f	Thu Feb 01 2018 12:23:58 GMT-0700 (MST)	a66217	N510GT  	39.879673	-105.060852	6125	302	-704	0
5a73694ee9630e33cfa71b70	Thu Feb 01 2018 12:23:58 GMT-0700 (MST)	a8d4ad	UAL1743 	39.788011	-105.079041	16525	242	1088	0
5a736953e9630e33cfa71b71	Thu Feb 01 2018 12:24:03 GMT-0700 (MST)	a66217	N510GT  	39.881581	-105.064148	6075	302	-768	0
5a736953e9630e33cfa71b72	Thu Feb 01 2018 12:24:03 GMT-0700 (MST)	a8d4ad	UAL1743 	39.785358	-105.085327	16600	242	1088	0
5a736958e9630e33cfa71b73	Thu Feb 01 2018 12:24:08 GMT-0700 (MST)	a66217	N510GT  	39.883118	-105.067261	6000	302	-768	0
5a736958e9630e33cfa71b74	Thu Feb 01 2018 12:24:08 GMT-0700 (MST)	a8d4ad	UAL1743 	39.785358	-105.085327	16600	242	1088	0
5a73695de9630e33cfa71b75	Thu Feb 01 2018 12:24:13 GMT-0700 (MST)	a66217	N510GT  	39.885166	-105.071167	5925	303	-768	0
5a73695de9630e33cfa71b76	Thu Feb 01 2018 12:24:13 GMT-0700 (MST)	a8d4ad	UAL1743 	39.785358	-105.085327	16600	242	1088	0
5a736962e9630e33cfa71b77	Thu Feb 01 2018 12:24:18 GMT-0700 (MST)	a66217	N510GT  	39.886734	-105.074078	5875	301	-640	0
5a736962e9630e33cfa71b78	Thu Feb 01 2018 12:24:18 GMT-0700 (MST)	a8d4ad	UAL1743 	39.785358	-105.085327	16600	242	1088	0
5a736967e9630e33cfa71b79	Thu Feb 01 2018 12:24:23 GMT-0700 (MST)	a66217	N510GT  	39.888425	-105.077332	5825	301	-768	0
5a736967e9630e33cfa71b7a	Thu Feb 01 2018 12:24:23 GMT-0700 (MST)	a8d4ad	UAL1743 	39.785358	-105.085327	17100	244	1536	0
5a73696ce9630e33cfa71b7b	Thu Feb 01 2018 12:24:28 GMT-0700 (MST)	a66217	N510GT  	39.890333	-105.080994	5750	301	-832	0
5a73696ce9630e33cfa71b7c	Thu Feb 01 2018 12:24:28 GMT-0700 (MST)	a8d4ad	UAL1743 	39.767349	-105.130025	17225	243	1088	0
5a736971e9630e33cfa71b7d	Thu Feb 01 2018 12:24:33 GMT-0700 (MST)	a66217	N510GT  	39.891357	-105.082825	5725	303	-704	0
5a736971e9630e33cfa71b7e	Thu Feb 01 2018 12:24:33 GMT-0700 (MST)	a8d4ad	UAL1743 	39.764694	-105.136473	17275	242	896	0
5a736976e9630e33cfa71b7f	Thu Feb 01 2018 12:24:38 GMT-0700 (MST)	a66217	N510GT  	39.893406	-105.086792	5650	303	-704	0
5a736976e9630e33cfa71b80	Thu Feb 01 2018 12:24:38 GMT-0700 (MST)	a8d4ad	UAL1743 	39.762501	-105.141785	17325	242	704	0
5a73697be9630e33cfa71b81	Thu Feb 01 2018 12:24:43 GMT-0700 (MST)	a66217	N510GT  	39.893406	-105.086792	5650	303	-704	0
5a73697be9630e33cfa71b82	Thu Feb 01 2018 12:24:43 GMT-0700 (MST)	a8d4ad	UAL1743 	39.756729	-105.155043	17400	241	704	0
5a736980e9630e33cfa71b83	Thu Feb 01 2018 12:24:48 GMT-0700 (MST)	a66217	N510GT  	39.893406	-105.086792	5650	303	-704	0
5a736980e9630e33cfa71b84	Thu Feb 01 2018 12:24:48 GMT-0700 (MST)	a8d4ad	UAL1743 	39.753842	-105.161499	17475	241	832	0
5a736985e9630e33cfa71b85	Thu Feb 01 2018 12:24:53 GMT-0700 (MST)	a66217	N510GT  	39.893406	-105.086792	5650	303	-704	0
5a736985e9630e33cfa71b86	Thu Feb 01 2018 12:24:53 GMT-0700 (MST)	a8d4ad	UAL1743 	39.753842	-105.161499	17475	240	1024	0
5a73698ae9630e33cfa71b87	Thu Feb 01 2018 12:24:58 GMT-0700 (MST)	a66217	N510GT  	39.893406	-105.086792	5650	303	-704	0
5a73698ae9630e33cfa71b88	Thu Feb 01 2018 12:24:58 GMT-0700 (MST)	a8d4ad	UAL1743 	39.753842	-105.161499	17475	240	1024	0
5a73698fe9630e33cfa71b89	Thu Feb 01 2018 12:25:03 GMT-0700 (MST)	a66217	N510GT  	39.901832	-105.102966	5350	303	-704	0
5a73698fe9630e33cfa71b8a	Thu Feb 01 2018 12:25:03 GMT-0700 (MST)	a8d4ad	UAL1743 	39.753842	-105.161499	17475	240	1024	0
5a736994e9630e33cfa71b8b	Thu Feb 01 2018 12:25:08 GMT-0700 (MST)	a66217	N510GT  	39.901832	-105.102966	5350	303	-704	0
5a736994e9630e33cfa71b8c	Thu Feb 01 2018 12:25:08 GMT-0700 (MST)	a8d4ad	UAL1743 	39.753842	-105.161499	17775	240	1216	0
5a736999e9630e33cfa71b8d	Thu Feb 01 2018 12:25:13 GMT-0700 (MST)	a66217	N510GT  	39.901832	-105.102966	5350	303	-704	0
5a736999e9630e33cfa71b8e	Thu Feb 01 2018 12:25:13 GMT-0700 (MST)	a8d4ad	UAL1743 	39.732987	-105.207703	17950	240	1216	0
5a73699ee9630e33cfa71b8f	Thu Feb 01 2018 12:25:18 GMT-0700 (MST)	a66217	N510GT  	39.901832	-105.102966	5350	303	-704	0
5a73699ee9630e33cfa71b90	Thu Feb 01 2018 12:25:18 GMT-0700 (MST)	a8d4ad	UAL1743 	39.730473	-105.213257	18000	240	1280	0
5a7369a3e9630e33cfa71b91	Thu Feb 01 2018 12:25:23 GMT-0700 (MST)	a66217	N510GT  	39.901832	-105.102966	5350	303	-704	0
5a7369a3e9630e33cfa71b92	Thu Feb 01 2018 12:25:23 GMT-0700 (MST)	a8d4ad	UAL1743 	39.730473	-105.213257	18000	240	1280	0
5a7369a8e9630e33cfa71b93	Thu Feb 01 2018 12:25:28 GMT-0700 (MST)	a66217	N510GT  	39.901832	-105.102966	5350	303	-704	0
5a7369a8e9630e33cfa71b94	Thu Feb 01 2018 12:25:28 GMT-0700 (MST)	a8d4ad	UAL1743 	39.730473	-105.213257	18000	240	1280	0
5a7369ade9630e33cfa71b95	Thu Feb 01 2018 12:25:33 GMT-0700 (MST)	a66217	N510GT  	39.901832	-105.102966	5350	303	-704	0
5a7369ade9630e33cfa71b96	Thu Feb 01 2018 12:25:33 GMT-0700 (MST)	a8d4ad	UAL1743 	39.730473	-105.213257	18000	240	1280	0
5a7369b2e9630e33cfa71b97	Thu Feb 01 2018 12:25:38 GMT-0700 (MST)	a66217	N510GT  	39.901832	-105.102966	5350	303	-704	0
5a7369b2e9630e33cfa71b98	Thu Feb 01 2018 12:25:38 GMT-0700 (MST)	a8d4ad	UAL1743 	39.730473	-105.213257	18000	240	1280	0
5a7369b7e9630e33cfa71b99	Thu Feb 01 2018 12:25:43 GMT-0700 (MST)	a66217	N510GT  	39.901832	-105.102966	5350	303	-704	0
5a7369b7e9630e33cfa71b9a	Thu Feb 01 2018 12:25:43 GMT-0700 (MST)	a8d4ad	UAL1743 	39.730473	-105.213257	18000	240	1280	0
5a7369bce9630e33cfa71b9b	Thu Feb 01 2018 12:25:48 GMT-0700 (MST)	a2fbf1	UAL1758 	39.763711	-105.01947	14925	243	2752	0
5a7369bce9630e33cfa71b9c	Thu Feb 01 2018 12:25:48 GMT-0700 (MST)	a66217	N510GT  	39.901832	-105.102966	5350	303	-704	0
5a7369bce9630e33cfa71b9d	Thu Feb 01 2018 12:25:48 GMT-0700 (MST)	a8d4ad	UAL1743 	39.730473	-105.213257	18000	240	1280	0
5a7369c1e9630e33cfa71b9e	Thu Feb 01 2018 12:25:53 GMT-0700 (MST)	a2fbf1	UAL1758 	39.761902	-105.023744	15050	243	2432	0
5a7369c1e9630e33cfa71b9f	Thu Feb 01 2018 12:25:53 GMT-0700 (MST)	a66217	N510GT  	39.901832	-105.102966	5350	303	-704	0
5a7369c1e9630e33cfa71ba0	Thu Feb 01 2018 12:25:53 GMT-0700 (MST)	a8d4ad	UAL1743 	39.730473	-105.213257	18000	240	1280	0
5a7369c6e9630e33cfa71ba1	Thu Feb 01 2018 12:25:58 GMT-0700 (MST)	a2fbf1	UAL1758 	39.757553	-105.034611	15325	243	2240	0
5a7369c6e9630e33cfa71ba2	Thu Feb 01 2018 12:25:58 GMT-0700 (MST)	a66217	N510GT  	39.901832	-105.102966	5350	303	-704	0
5a7369c6e9630e33cfa71ba3	Thu Feb 01 2018 12:25:58 GMT-0700 (MST)	a8d4ad	UAL1743 	39.730473	-105.213257	18000	240	1280	0
5a7369cbe9630e33cfa71ba4	Thu Feb 01 2018 12:26:03 GMT-0700 (MST)	a2fbf1	UAL1758 	39.755378	-105.040039	15450	243	1984	0
5a7369cbe9630e33cfa71ba5	Thu Feb 01 2018 12:26:03 GMT-0700 (MST)	a66217	N510GT  	39.901832	-105.102966	5350	303	-704	0
5a7369cbe9630e33cfa71ba6	Thu Feb 01 2018 12:26:03 GMT-0700 (MST)	a8d4ad	UAL1743 	39.730473	-105.213257	18000	240	1280	0
5a7369d0e9630e33cfa71ba7	Thu Feb 01 2018 12:26:08 GMT-0700 (MST)	a2fbf1	UAL1758 	39.752609	-105.04715	15600	243	1600	0
5a7369d0e9630e33cfa71ba8	Thu Feb 01 2018 12:26:08 GMT-0700 (MST)	a8d4ad	UAL1743 	39.730473	-105.213257	18000	240	1280	0
5a7369d5e9630e33cfa71ba9	Thu Feb 01 2018 12:26:13 GMT-0700 (MST)	ac6445		40.011648	-105.146214	37000	89	-64	0
5a7369d5e9630e33cfa71baa	Thu Feb 01 2018 12:26:13 GMT-0700 (MST)	a2fbf1	UAL1758 	39.750118	-105.053467	15700	244	1600	0
5a7369d5e9630e33cfa71bab	Thu Feb 01 2018 12:26:13 GMT-0700 (MST)	a8d4ad	UAL1743 	39.730473	-105.213257	18000	240	1280	0
5a7369dae9630e33cfa71bac	Thu Feb 01 2018 12:26:18 GMT-0700 (MST)	ac6445		40.011648	-105.146214	37000	89	-64	0
5a7369dae9630e33cfa71bad	Thu Feb 01 2018 12:26:18 GMT-0700 (MST)	a2fbf1	UAL1758 	39.750118	-105.053467	15700	244	1408	0
5a7369dfe9630e33cfa71bae	Thu Feb 01 2018 12:26:23 GMT-0700 (MST)	ac6445		40.011648	-105.146214	37000	89	-64	0
5a7369dfe9630e33cfa71baf	Thu Feb 01 2018 12:26:23 GMT-0700 (MST)	a2fbf1	UAL1758 	39.750118	-105.053467	15700	244	1408	0
5a7369e4e9630e33cfa71bb0	Thu Feb 01 2018 12:26:28 GMT-0700 (MST)	ac6445		40.011648	-105.146214	37000	89	-64	0
5a7369e4e9630e33cfa71bb1	Thu Feb 01 2018 12:26:28 GMT-0700 (MST)	a2fbf1	UAL1758 	39.750118	-105.053467	15700	244	1408	0
5a7369e9e9630e33cfa71bb2	Thu Feb 01 2018 12:26:33 GMT-0700 (MST)	ac6445		40.012253	-105.081543	36975	89	-64	0
5a7369e9e9630e33cfa71bb3	Thu Feb 01 2018 12:26:33 GMT-0700 (MST)	a2fbf1	UAL1758 	39.750118	-105.053467	15700	244	1408	0
5a7369eee9630e33cfa71bb4	Thu Feb 01 2018 12:26:38 GMT-0700 (MST)	ac6445		40.012253	-105.081543	36975	89	0	0
5a7369eee9630e33cfa71bb5	Thu Feb 01 2018 12:26:38 GMT-0700 (MST)	a2fbf1	UAL1758 	39.750118	-105.053467	16200	244	1408	0
5a7369f3e9630e33cfa71bb6	Thu Feb 01 2018 12:26:43 GMT-0700 (MST)	ac6445		40.012253	-105.081543	36975	89	-64	0
5a7369f3e9630e33cfa71bb7	Thu Feb 01 2018 12:26:43 GMT-0700 (MST)	a2fbf1	UAL1758 	39.750118	-105.053467	16325	244	1408	0
5a7369f8e9630e33cfa71bb8	Thu Feb 01 2018 12:26:48 GMT-0700 (MST)	ac6445		40.012253	-105.081543	36975	89	-64	0
5a7369f8e9630e33cfa71bb9	Thu Feb 01 2018 12:26:48 GMT-0700 (MST)	a2fbf1	UAL1758 	39.727982	-105.111515	16450	244	1408	0
5a7369fde9630e33cfa71bba	Thu Feb 01 2018 12:26:53 GMT-0700 (MST)	ac6445		40.012253	-105.081543	36975	89	-64	0
5a7369fde9630e33cfa71bbb	Thu Feb 01 2018 12:26:53 GMT-0700 (MST)	a2fbf1	UAL1758 	39.727982	-105.111515	16450	244	1408	0
5a736a02e9630e33cfa71bbc	Thu Feb 01 2018 12:26:58 GMT-0700 (MST)	ac6445		40.012253	-105.081543	37000	89	0	0
5a736a02e9630e33cfa71bbd	Thu Feb 01 2018 12:26:58 GMT-0700 (MST)	a2fbf1	UAL1758 	39.727982	-105.111515	16450	244	1408	0
5a736a07e9630e33cfa71bbe	Thu Feb 01 2018 12:27:03 GMT-0700 (MST)	ac6445		40.012253	-105.081543	37000	89	0	0
5a736a07e9630e33cfa71bbf	Thu Feb 01 2018 12:27:03 GMT-0700 (MST)	a2fbf1	UAL1758 	39.727982	-105.111515	16450	244	1408	0
5a736a0ce9630e33cfa71bc0	Thu Feb 01 2018 12:27:08 GMT-0700 (MST)	ac6445		40.012253	-105.081543	37000	89	0	0
5a736a0ce9630e33cfa71bc1	Thu Feb 01 2018 12:27:08 GMT-0700 (MST)	a2fbf1	UAL1758 	39.727982	-105.111515	16450	244	1408	0
5a736a11e9630e33cfa71bc2	Thu Feb 01 2018 12:27:13 GMT-0700 (MST)	ac6445		40.012253	-105.081543	37000	89	0	0
5a736a11e9630e33cfa71bc3	Thu Feb 01 2018 12:27:13 GMT-0700 (MST)	a2fbf1	UAL1758 	39.727982	-105.111515	16875	244	1408	0
5a736a16e9630e33cfa71bc4	Thu Feb 01 2018 12:27:18 GMT-0700 (MST)	ac6445		40.012253	-105.081543	37000	89	0	0
5a736a16e9630e33cfa71bc5	Thu Feb 01 2018 12:27:18 GMT-0700 (MST)	a2fbf1	UAL1758 	39.709524	-105.157532	16950	244	1408	0
5a736a1be9630e33cfa71bc6	Thu Feb 01 2018 12:27:23 GMT-0700 (MST)	ac6445		40.012253	-105.081543	37000	89	0	0
5a736a1be9630e33cfa71bc7	Thu Feb 01 2018 12:27:23 GMT-0700 (MST)	a2fbf1	UAL1758 	39.70608	-105.165955	17050	244	1408	0
5a736a20e9630e33cfa71bc8	Thu Feb 01 2018 12:27:28 GMT-0700 (MST)	ac6445		40.012253	-105.081543	37000	89	0	0
5a736a20e9630e33cfa71bc9	Thu Feb 01 2018 12:27:28 GMT-0700 (MST)	a2fbf1	UAL1758 	39.70608	-105.165955	17050	244	1408	0
5a736a25e9630e33cfa71bca	Thu Feb 01 2018 12:27:33 GMT-0700 (MST)	ac6445		40.012253	-105.081543	37000	89	0	0
5a736a25e9630e33cfa71bcb	Thu Feb 01 2018 12:27:33 GMT-0700 (MST)	a2fbf1	UAL1758 	39.70608	-105.165955	17050	244	1408	0
5a736a2ae9630e33cfa71bcc	Thu Feb 01 2018 12:27:38 GMT-0700 (MST)	a2fbf1	UAL1758 	39.70608	-105.165955	17050	244	1408	0
5a736a2fe9630e33cfa71bcd	Thu Feb 01 2018 12:27:43 GMT-0700 (MST)	a2fbf1	UAL1758 	39.70608	-105.165955	17050	244	1408	0
5a736a34e9630e33cfa71bce	Thu Feb 01 2018 12:27:48 GMT-0700 (MST)	a2fbf1	UAL1758 	39.70608	-105.165955	17050	244	1408	0
5a736a39e9630e33cfa71bcf	Thu Feb 01 2018 12:27:53 GMT-0700 (MST)	a2fbf1	UAL1758 	39.70608	-105.165955	17050	244	1408	0
5a736a3ee9630e33cfa71bd0	Thu Feb 01 2018 12:27:58 GMT-0700 (MST)	a2fbf1	UAL1758 	39.70608	-105.165955	17050	244	1408	0
5a736a43e9630e33cfa71bd1	Thu Feb 01 2018 12:28:03 GMT-0700 (MST)	a2fbf1	UAL1758 	39.70608	-105.165955	17050	244	1408	0
5a736a48e9630e33cfa71bd2	Thu Feb 01 2018 12:28:08 GMT-0700 (MST)	a2fbf1	UAL1758 	39.70608	-105.165955	17050	244	1408	0
5a736a4de9630e33cfa71bd3	Thu Feb 01 2018 12:28:13 GMT-0700 (MST)	a2fbf1	UAL1758 	39.70608	-105.165955	17050	244	1408	0
5a736a52e9630e33cfa71bd4	Thu Feb 01 2018 12:28:18 GMT-0700 (MST)	a2fbf1	UAL1758 	39.70608	-105.165955	17050	244	1408	0
5a736a7fe9630e33cfa71bd5	Thu Feb 01 2018 12:29:03 GMT-0700 (MST)	a8233e	ASA1865 	39.9077	-105.04297	17475	265	2496	0
5a736a84e9630e33cfa71bd6	Thu Feb 01 2018 12:29:08 GMT-0700 (MST)	a8233e	ASA1865 	39.907379	-105.047806	17575	266	2048	0
5a736a89e9630e33cfa71bd7	Thu Feb 01 2018 12:29:13 GMT-0700 (MST)	a8233e	ASA1865 	39.906859	-105.055542	17750	266	1664	0
5a736a8ee9630e33cfa71bd8	Thu Feb 01 2018 12:29:18 GMT-0700 (MST)	a8233e	ASA1865 	39.906281	-105.064764	17900	266	1408	0
5a736a93e9630e33cfa71bd9	Thu Feb 01 2018 12:29:23 GMT-0700 (MST)	a8233e	ASA1865 	39.906281	-105.064764	17900	266	1088	0
5a736a98e9630e33cfa71bda	Thu Feb 01 2018 12:29:28 GMT-0700 (MST)	a8233e	ASA1865 	39.905594	-105.075989	18025	266	1024	0
5a736a9de9630e33cfa71bdb	Thu Feb 01 2018 12:29:33 GMT-0700 (MST)	a8233e	ASA1865 	39.905594	-105.075989	18025	266	960	0
5a736aa2e9630e33cfa71bdc	Thu Feb 01 2018 12:29:38 GMT-0700 (MST)	a8233e	ASA1865 	39.904439	-105.095215	18200	266	960	0
5a736aa7e9630e33cfa71bdd	Thu Feb 01 2018 12:29:43 GMT-0700 (MST)	a8233e	ASA1865 	39.903763	-105.106559	18325	266	1088	0
5a736aace9630e33cfa71bde	Thu Feb 01 2018 12:29:48 GMT-0700 (MST)	a8233e	ASA1865 	39.903321	-105.114136	18400	266	1152	0
5a736ab1e9630e33cfa71bdf	Thu Feb 01 2018 12:29:53 GMT-0700 (MST)	a8233e	ASA1865 	39.903321	-105.114136	18400	266	1088	0
5a736ab6e9630e33cfa71be0	Thu Feb 01 2018 12:29:58 GMT-0700 (MST)	a8233e	ASA1865 	39.903321	-105.114136	18400	266	1088	0
5a736abbe9630e33cfa71be1	Thu Feb 01 2018 12:30:03 GMT-0700 (MST)	a8233e	ASA1865 	39.901566	-105.141668	18625	266	704	0
5a736ac0e9630e33cfa71be2	Thu Feb 01 2018 12:30:08 GMT-0700 (MST)	a8233e	ASA1865 	39.901133	-105.14856	18675	266	704	0
5a736ac5e9630e33cfa71be3	Thu Feb 01 2018 12:30:13 GMT-0700 (MST)	a8233e	ASA1865 	39.900787	-105.154028	18700	266	448	0
5a736acbe9630e33cfa71be4	Thu Feb 01 2018 12:30:19 GMT-0700 (MST)	a8233e	ASA1865 	39.900467	-105.158744	18750	266	960	0
5a736acfe9630e33cfa71be5	Thu Feb 01 2018 12:30:23 GMT-0700 (MST)	a8233e	ASA1865 	39.899734	-105.170089	18825	266	960	0
5a736ad4e9630e33cfa71be6	Thu Feb 01 2018 12:30:28 GMT-0700 (MST)	a8233e	ASA1865 	39.899094	-105.179941	18950	266	960	0
5a736adae9630e33cfa71be7	Thu Feb 01 2018 12:30:34 GMT-0700 (MST)	a8233e	ASA1865 	39.899094	-105.179941	18950	266	960	0
5a736adee9630e33cfa71be8	Thu Feb 01 2018 12:30:38 GMT-0700 (MST)	a8233e	ASA1865 	39.897354	-105.204421	19375	265	1920	0
5a736ae4e9630e33cfa71be9	Thu Feb 01 2018 12:30:44 GMT-0700 (MST)	a8233e	ASA1865 	39.896851	-105.21167	19475	265	1920	0
5a736ae9e9630e33cfa71bea	Thu Feb 01 2018 12:30:49 GMT-0700 (MST)	a8233e	ASA1865 	39.896851	-105.21167	19475	265	1920	0
5a736aeee9630e33cfa71beb	Thu Feb 01 2018 12:30:54 GMT-0700 (MST)	a8233e	ASA1865 	39.896851	-105.21167	19475	265	1920	0
5a736af3e9630e33cfa71bec	Thu Feb 01 2018 12:30:59 GMT-0700 (MST)	a8233e	ASA1865 	39.896851	-105.21167	19475	265	1920	0
5a736af8e9630e33cfa71bed	Thu Feb 01 2018 12:31:04 GMT-0700 (MST)	a8233e	ASA1865 	39.896851	-105.21167	19475	265	1920	0
5a736afde9630e33cfa71bee	Thu Feb 01 2018 12:31:09 GMT-0700 (MST)	a8233e	ASA1865 	39.896851	-105.21167	19475	265	1920	0
5a736b02e9630e33cfa71bef	Thu Feb 01 2018 12:31:14 GMT-0700 (MST)	a8233e	ASA1865 	39.896851	-105.21167	19475	265	1920	0
5a736b07e9630e33cfa71bf0	Thu Feb 01 2018 12:31:19 GMT-0700 (MST)	a8233e	ASA1865 	39.896851	-105.21167	19475	265	1920	0
5a736b0ce9630e33cfa71bf1	Thu Feb 01 2018 12:31:24 GMT-0700 (MST)	a8233e	ASA1865 	39.896851	-105.21167	19475	265	1920	0
5a736b11e9630e33cfa71bf2	Thu Feb 01 2018 12:31:29 GMT-0700 (MST)	a8233e	ASA1865 	39.896851	-105.21167	19475	265	1920	0
5a736b16e9630e33cfa71bf3	Thu Feb 01 2018 12:31:34 GMT-0700 (MST)	a8233e	ASA1865 	39.896851	-105.21167	19475	265	1920	0
5a736b1be9630e33cfa71bf4	Thu Feb 01 2018 12:31:39 GMT-0700 (MST)	a8233e	ASA1865 	39.896851	-105.21167	19475	265	1920	0
5a736cabe9630e33cfa71bf5	Thu Feb 01 2018 12:38:19 GMT-0700 (MST)	a33f01	N308WC  	39.983459	-105.026306	30975	89	64	0
5a736cb0e9630e33cfa71bf6	Thu Feb 01 2018 12:38:24 GMT-0700 (MST)	a33f01	N308WC  	39.983505	-105.020386	30975	89	0	0
5a736cb5e9630e33cfa71bf7	Thu Feb 01 2018 12:38:29 GMT-0700 (MST)	a33f01	N308WC  	39.983505	-105.020386	30975	89	0	0
5a736cbae9630e33cfa71bf8	Thu Feb 01 2018 12:38:34 GMT-0700 (MST)	a33f01	N308WC  	39.983505	-105.020386	30975	89	0	0
5a736cbfe9630e33cfa71bf9	Thu Feb 01 2018 12:38:39 GMT-0700 (MST)	a33f01	N308WC  	39.983505	-105.020386	30975	89	0	0
5a736cc4e9630e33cfa71bfa	Thu Feb 01 2018 12:38:44 GMT-0700 (MST)	a33f01	N308WC  	39.983505	-105.020386	30975	90	-64	0
5a736cc9e9630e33cfa71bfb	Thu Feb 01 2018 12:38:49 GMT-0700 (MST)	a33f01	N308WC  	39.983505	-105.020386	30975	90	-64	0
5a736ccee9630e33cfa71bfc	Thu Feb 01 2018 12:38:54 GMT-0700 (MST)	a33f01	N308WC  	39.983624	-104.948085	31000	90	64	0
5a736cd3e9630e33cfa71bfd	Thu Feb 01 2018 12:38:59 GMT-0700 (MST)	a33f01	N308WC  	39.983624	-104.948085	31000	90	64	0
5a736cd8e9630e33cfa71bfe	Thu Feb 01 2018 12:39:04 GMT-0700 (MST)	a33f01	N308WC  	39.983624	-104.948085	31000	90	64	0
5a736cdde9630e33cfa71bff	Thu Feb 01 2018 12:39:09 GMT-0700 (MST)	a33f01	N308WC  	39.983624	-104.948085	31000	90	64	0
5a736ce2e9630e33cfa71c00	Thu Feb 01 2018 12:39:14 GMT-0700 (MST)	a33f01	N308WC  	39.983624	-104.948085	31000	90	64	0
5a736ce7e9630e33cfa71c01	Thu Feb 01 2018 12:39:19 GMT-0700 (MST)	a33f01	N308WC  	39.983624	-104.948085	31000	90	64	0
5a736cece9630e33cfa71c02	Thu Feb 01 2018 12:39:24 GMT-0700 (MST)	a33f01	N308WC  	39.983624	-104.948085	31000	90	64	0
5a736cf1e9630e33cfa71c03	Thu Feb 01 2018 12:39:29 GMT-0700 (MST)	a33f01	N308WC  	39.983624	-104.948085	31000	90	64	0
5a736cf6e9630e33cfa71c04	Thu Feb 01 2018 12:39:34 GMT-0700 (MST)	a33f01	N308WC  	39.983624	-104.948085	31000	90	64	0
5a736cfbe9630e33cfa71c05	Thu Feb 01 2018 12:39:39 GMT-0700 (MST)	a33f01	N308WC  	39.983624	-104.948085	31000	90	64	0
5a736d00e9630e33cfa71c06	Thu Feb 01 2018 12:39:44 GMT-0700 (MST)	a33f01	N308WC  	39.983624	-104.948085	31000	90	64	0
5a736d05e9630e33cfa71c07	Thu Feb 01 2018 12:39:49 GMT-0700 (MST)	a33f01	N308WC  	39.983624	-104.948085	31000	90	64	0
5a736d0ae9630e33cfa71c08	Thu Feb 01 2018 12:39:54 GMT-0700 (MST)	a33f01	N308WC  	39.983624	-104.948085	31000	90	64	0
5a736d32e9630e33cfa71c09	Thu Feb 01 2018 12:40:34 GMT-0700 (MST)	aa7734	SWA767  	39.806213	-105.086259	37975	256	64	0
5a736d37e9630e33cfa71c0a	Thu Feb 01 2018 12:40:39 GMT-0700 (MST)	aa7734	SWA767  	39.804199	-105.096528	38000	256	128	0
5a736d3ce9630e33cfa71c0b	Thu Feb 01 2018 12:40:44 GMT-0700 (MST)	a11f9d		39.798393	-104.981628	14750	245	1472	0
5a736d3ce9630e33cfa71c0c	Thu Feb 01 2018 12:40:44 GMT-0700 (MST)	aa7734	SWA767  	39.802117	-105.107178	38000	256	64	0
5a736d41e9630e33cfa71c0d	Thu Feb 01 2018 12:40:49 GMT-0700 (MST)	a11f9d		39.798393	-104.981628	14750	245	1472	0
5a736d41e9630e33cfa71c0e	Thu Feb 01 2018 12:40:49 GMT-0700 (MST)	aa7734	SWA767  	39.800354	-105.116113	38000	256	0	0
5a736d46e9630e33cfa71c0f	Thu Feb 01 2018 12:40:54 GMT-0700 (MST)	a11f9d		39.798393	-104.981628	14750	242	1408	0
5a736d46e9630e33cfa71c10	Thu Feb 01 2018 12:40:54 GMT-0700 (MST)	aa7734	SWA767  	39.798765	-105.124146	38000	256	0	0
5a736d4be9630e33cfa71c11	Thu Feb 01 2018 12:40:59 GMT-0700 (MST)	a11f9d		39.798393	-104.981628	15125	243	1216	0
5a736d4be9630e33cfa71c12	Thu Feb 01 2018 12:40:59 GMT-0700 (MST)	aa7734	SWA767  	39.797089	-105.13269	38000	256	0	0
5a736d50e9630e33cfa71c13	Thu Feb 01 2018 12:41:04 GMT-0700 (MST)	a11f9d	UAL1219 	39.786801	-105.009888	15200	244	1152	0
5a736d50e9630e33cfa71c14	Thu Feb 01 2018 12:41:04 GMT-0700 (MST)	aa7734	SWA767  	39.797089	-105.13269	38000	256	128	0
5a736d55e9630e33cfa71c15	Thu Feb 01 2018 12:41:09 GMT-0700 (MST)	a11f9d	UAL1219 	39.783096	-105.019505	15300	245	1024	0
5a736d55e9630e33cfa71c16	Thu Feb 01 2018 12:41:09 GMT-0700 (MST)	aa7734	SWA767  	39.792297	-105.156834	38000	256	64	0
5a736d5ae9630e33cfa71c17	Thu Feb 01 2018 12:41:14 GMT-0700 (MST)	a11f9d	UAL1219 	39.779399	-105.029541	15400	245	1024	0
5a736d5ae9630e33cfa71c18	Thu Feb 01 2018 12:41:14 GMT-0700 (MST)	aa7734	SWA767  	39.792297	-105.156834	38000	254	128	0
5a736d5fe9630e33cfa71c19	Thu Feb 01 2018 12:41:19 GMT-0700 (MST)	a11f9d	UAL1219 	39.778473	-105.032103	15450	246	1280	0
5a736d5fe9630e33cfa71c1a	Thu Feb 01 2018 12:41:19 GMT-0700 (MST)	aa7734	SWA767  	39.787216	-105.178747	38000	251	128	0
5a736d64e9630e33cfa71c1b	Thu Feb 01 2018 12:41:24 GMT-0700 (MST)	a11f9d	UAL1219 	39.773906	-105.045105	15600	246	1280	0
5a736d64e9630e33cfa71c1c	Thu Feb 01 2018 12:41:24 GMT-0700 (MST)	aa7734	SWA767  	39.783775	-105.190918	38025	250	64	0
5a736d69e9630e33cfa71c1d	Thu Feb 01 2018 12:41:29 GMT-0700 (MST)	a11f9d	UAL1219 	39.773347	-105.046753	15625	246	1280	0
5a736d69e9630e33cfa71c1e	Thu Feb 01 2018 12:41:29 GMT-0700 (MST)	aa7734	SWA767  	39.780144	-105.20343	38025	250	0	0
5a736d6ee9630e33cfa71c1f	Thu Feb 01 2018 12:41:34 GMT-0700 (MST)	a11f9d	UAL1219 	39.770554	-105.054749	15725	245	640	0
5a736d6ee9630e33cfa71c20	Thu Feb 01 2018 12:41:34 GMT-0700 (MST)	aa7734	SWA767  	39.779068	-105.207228	38025	250	0	0
5a736d73e9630e33cfa71c21	Thu Feb 01 2018 12:41:39 GMT-0700 (MST)	a11f9d	UAL1219 	39.770554	-105.054749	15725	245	576	0
5a736d73e9630e33cfa71c22	Thu Feb 01 2018 12:41:39 GMT-0700 (MST)	aa7734	SWA767  	39.77449	-105.22311	38025	250	0	0
5a736d78e9630e33cfa71c23	Thu Feb 01 2018 12:41:44 GMT-0700 (MST)	a11f9d	UAL1219 	39.770554	-105.054749	15725	245	576	0
5a736d78e9630e33cfa71c24	Thu Feb 01 2018 12:41:44 GMT-0700 (MST)	aa7734	SWA767  	39.772797	-105.229021	38000	250	0	0
5a736d7de9630e33cfa71c25	Thu Feb 01 2018 12:41:49 GMT-0700 (MST)	a11f9d	UAL1219 	39.770554	-105.054749	15725	245	576	0
5a736d7de9630e33cfa71c26	Thu Feb 01 2018 12:41:49 GMT-0700 (MST)	aa7734	SWA767  	39.769065	-105.242004	38000	250	-64	0
5a736d82e9630e33cfa71c27	Thu Feb 01 2018 12:41:54 GMT-0700 (MST)	a11f9d	UAL1219 	39.770554	-105.054749	16050	245	576	0
5a736d82e9630e33cfa71c28	Thu Feb 01 2018 12:41:54 GMT-0700 (MST)	aa7734	SWA767  	39.765564	-105.254218	38000	250	-64	0
5a736d87e9630e33cfa71c29	Thu Feb 01 2018 12:41:59 GMT-0700 (MST)	a11f9d	UAL1219 	39.770554	-105.054749	16050	245	576	0
5a736d87e9630e33cfa71c2a	Thu Feb 01 2018 12:41:59 GMT-0700 (MST)	aa7734	SWA767  	39.763711	-105.260498	38000	250	0	0
5a736d8ce9630e33cfa71c2b	Thu Feb 01 2018 12:42:04 GMT-0700 (MST)	a11f9d	UAL1219 	39.770554	-105.054749	16050	245	576	0
5a736d8ce9630e33cfa71c2c	Thu Feb 01 2018 12:42:04 GMT-0700 (MST)	aa7734	SWA767  	39.762035	-105.266418	38000	250	0	0
5a736d91e9630e33cfa71c2d	Thu Feb 01 2018 12:42:09 GMT-0700 (MST)	a11f9d	UAL1219 	39.770554	-105.054749	16475	245	576	0
5a736d91e9630e33cfa71c2e	Thu Feb 01 2018 12:42:09 GMT-0700 (MST)	aa7734	SWA767  	39.762035	-105.266418	38000	250	0	0
5a736d96e9630e33cfa71c2f	Thu Feb 01 2018 12:42:14 GMT-0700 (MST)	a11f9d	UAL1219 	39.770554	-105.054749	16475	245	576	0
5a736d96e9630e33cfa71c30	Thu Feb 01 2018 12:42:14 GMT-0700 (MST)	aa7734	SWA767  	39.762035	-105.266418	38000	250	0	0
5a736d9be9630e33cfa71c31	Thu Feb 01 2018 12:42:19 GMT-0700 (MST)	a11f9d	UAL1219 	39.770554	-105.054749	16475	245	576	0
5a736d9be9630e33cfa71c32	Thu Feb 01 2018 12:42:19 GMT-0700 (MST)	aa7734	SWA767  	39.762035	-105.266418	38000	250	0	0
5a736da0e9630e33cfa71c33	Thu Feb 01 2018 12:42:24 GMT-0700 (MST)	a11f9d	UAL1219 	39.770554	-105.054749	16950	245	576	0
5a736da0e9630e33cfa71c34	Thu Feb 01 2018 12:42:24 GMT-0700 (MST)	aa7734	SWA767  	39.762035	-105.266418	38000	250	0	0
5a736da5e9630e33cfa71c35	Thu Feb 01 2018 12:42:29 GMT-0700 (MST)	a11f9d	UAL1219 	39.733475	-105.150803	17000	244	1856	0
5a736da5e9630e33cfa71c36	Thu Feb 01 2018 12:42:29 GMT-0700 (MST)	aa7734	SWA767  	39.762035	-105.266418	38000	250	0	0
5a736daae9630e33cfa71c37	Thu Feb 01 2018 12:42:34 GMT-0700 (MST)	a11f9d	UAL1219 	39.733475	-105.150803	17000	244	1856	0
5a736daae9630e33cfa71c38	Thu Feb 01 2018 12:42:34 GMT-0700 (MST)	aa7734	SWA767  	39.762035	-105.266418	38000	250	0	0
5a736dafe9630e33cfa71c39	Thu Feb 01 2018 12:42:39 GMT-0700 (MST)	a11f9d	UAL1219 	39.733475	-105.150803	17000	244	1856	0
5a736dafe9630e33cfa71c3a	Thu Feb 01 2018 12:42:39 GMT-0700 (MST)	aa7734	SWA767  	39.762035	-105.266418	38000	250	0	0
5a736db4e9630e33cfa71c3b	Thu Feb 01 2018 12:42:44 GMT-0700 (MST)	a11f9d	UAL1219 	39.733475	-105.150803	17000	244	1856	0
5a736db4e9630e33cfa71c3c	Thu Feb 01 2018 12:42:44 GMT-0700 (MST)	aa7734	SWA767  	39.762035	-105.266418	38000	250	0	0
5a736db9e9630e33cfa71c3d	Thu Feb 01 2018 12:42:49 GMT-0700 (MST)	a11f9d	UAL1219 	39.733475	-105.150803	17000	244	1856	0
5a736db9e9630e33cfa71c3e	Thu Feb 01 2018 12:42:49 GMT-0700 (MST)	aa7734	SWA767  	39.762035	-105.266418	38000	250	0	0
5a736dbee9630e33cfa71c3f	Thu Feb 01 2018 12:42:54 GMT-0700 (MST)	a11f9d	UAL1219 	39.733475	-105.150803	17000	244	1856	0
5a736dbee9630e33cfa71c40	Thu Feb 01 2018 12:42:54 GMT-0700 (MST)	aa7734	SWA767  	39.762035	-105.266418	38000	250	0	0
5a736dc3e9630e33cfa71c41	Thu Feb 01 2018 12:42:59 GMT-0700 (MST)	a028e5		39.836746	-104.884504	39900	239	64	0
5a736dc3e9630e33cfa71c42	Thu Feb 01 2018 12:42:59 GMT-0700 (MST)	a11f9d	UAL1219 	39.733475	-105.150803	17000	244	1856	0
5a736dc3e9630e33cfa71c43	Thu Feb 01 2018 12:42:59 GMT-0700 (MST)	aa7734	SWA767  	39.7274	-105.388123	37950	250	0	0
5a736dc8e9630e33cfa71c44	Thu Feb 01 2018 12:43:04 GMT-0700 (MST)	a028e5		39.833221	-104.891968	39900	239	64	0
5a736dc8e9630e33cfa71c45	Thu Feb 01 2018 12:43:04 GMT-0700 (MST)	a11f9d	UAL1219 	39.733475	-105.150803	17000	244	1856	0
5a736dc8e9630e33cfa71c46	Thu Feb 01 2018 12:43:04 GMT-0700 (MST)	aa7734	SWA767  	39.7274	-105.388123	37950	250	0	0
5a736dcde9630e33cfa71c47	Thu Feb 01 2018 12:43:09 GMT-0700 (MST)	a028e5		39.831631	-104.895264	39900	239	64	0
5a736dcde9630e33cfa71c48	Thu Feb 01 2018 12:43:09 GMT-0700 (MST)	a11f9d	UAL1219 	39.733475	-105.150803	17000	244	1856	0
5a736dcde9630e33cfa71c49	Thu Feb 01 2018 12:43:09 GMT-0700 (MST)	aa7734	SWA767  	39.7274	-105.388123	37950	250	0	0
5a736dd2e9630e33cfa71c4a	Thu Feb 01 2018 12:43:14 GMT-0700 (MST)	a028e5		39.831631	-104.895264	39900	239	64	0
5a736dd2e9630e33cfa71c4b	Thu Feb 01 2018 12:43:14 GMT-0700 (MST)	acd135		39.948477	-105.000707	14475	273	1664	0
5a736dd2e9630e33cfa71c4c	Thu Feb 01 2018 12:43:14 GMT-0700 (MST)	a11f9d	UAL1219 	39.733475	-105.150803	17000	244	1856	0
5a736dd2e9630e33cfa71c4d	Thu Feb 01 2018 12:43:14 GMT-0700 (MST)	aa7734	SWA767  	39.7274	-105.388123	37950	250	0	0
5a736dd7e9630e33cfa71c4e	Thu Feb 01 2018 12:43:19 GMT-0700 (MST)	a028e5		39.831631	-104.895264	39900	239	64	0
5a736dd7e9630e33cfa71c4f	Thu Feb 01 2018 12:43:19 GMT-0700 (MST)	acd135		39.948477	-105.000707	14475	273	1664	0
5a736dd7e9630e33cfa71c50	Thu Feb 01 2018 12:43:19 GMT-0700 (MST)	a11f9d	UAL1219 	39.733475	-105.150803	17000	244	1856	0
5a736dd7e9630e33cfa71c51	Thu Feb 01 2018 12:43:19 GMT-0700 (MST)	aa7734	SWA767  	39.7274	-105.388123	37950	250	0	0
5a736ddce9630e33cfa71c52	Thu Feb 01 2018 12:43:24 GMT-0700 (MST)	a028e5		39.831631	-104.895264	39900	239	64	0
5a736ddce9630e33cfa71c53	Thu Feb 01 2018 12:43:24 GMT-0700 (MST)	acd135		39.948477	-105.000707	14475	273	1664	0
5a736ddce9630e33cfa71c54	Thu Feb 01 2018 12:43:24 GMT-0700 (MST)	a11f9d	UAL1219 	39.733475	-105.150803	17000	244	1856	0
5a736ddce9630e33cfa71c55	Thu Feb 01 2018 12:43:24 GMT-0700 (MST)	aa7734	SWA767  	39.7274	-105.388123	37950	250	0	0
5a736de1e9630e33cfa71c56	Thu Feb 01 2018 12:43:29 GMT-0700 (MST)	a028e5		39.831631	-104.895264	39900	239	64	0
5a736de1e9630e33cfa71c57	Thu Feb 01 2018 12:43:29 GMT-0700 (MST)	acd135		39.948477	-105.000707	14475	273	1664	0
5a736de1e9630e33cfa71c58	Thu Feb 01 2018 12:43:29 GMT-0700 (MST)	aa7734	SWA767  	39.7274	-105.388123	37950	250	0	0
5a736de6e9630e33cfa71c59	Thu Feb 01 2018 12:43:34 GMT-0700 (MST)	a028e5		39.831631	-104.895264	39900	239	64	0
5a736de6e9630e33cfa71c5a	Thu Feb 01 2018 12:43:34 GMT-0700 (MST)	acd135		39.948477	-105.000707	14475	273	1664	0
5a736de6e9630e33cfa71c5b	Thu Feb 01 2018 12:43:34 GMT-0700 (MST)	aa7734	SWA767  	39.7274	-105.388123	37950	250	0	0
5a736debe9630e33cfa71c5c	Thu Feb 01 2018 12:43:39 GMT-0700 (MST)	a028e5		39.831631	-104.895264	39875	239	64	0
5a736debe9630e33cfa71c5d	Thu Feb 01 2018 12:43:39 GMT-0700 (MST)	acd135		39.94986	-105.036316	15025	274	1280	0
5a736debe9630e33cfa71c5e	Thu Feb 01 2018 12:43:39 GMT-0700 (MST)	aa7734	SWA767  	39.7274	-105.388123	37950	250	0	0
5a736df0e9630e33cfa71c5f	Thu Feb 01 2018 12:43:44 GMT-0700 (MST)	a028e5		39.831631	-104.895264	39875	239	64	0
5a736df0e9630e33cfa71c60	Thu Feb 01 2018 12:43:44 GMT-0700 (MST)	acd135		39.950199	-105.044091	15125	273	1216	0
5a736df0e9630e33cfa71c61	Thu Feb 01 2018 12:43:44 GMT-0700 (MST)	aa7734	SWA767  	39.7274	-105.388123	37950	250	0	0
5a736df5e9630e33cfa71c62	Thu Feb 01 2018 12:43:49 GMT-0700 (MST)	a028e5		39.831631	-104.895264	39875	239	64	0
5a736df5e9630e33cfa71c63	Thu Feb 01 2018 12:43:49 GMT-0700 (MST)	acd135		39.950293	-105.04715	15175	273	1280	0
5a736df5e9630e33cfa71c64	Thu Feb 01 2018 12:43:49 GMT-0700 (MST)	aa7734	SWA767  	39.7274	-105.388123	37950	250	0	0
5a736dfae9630e33cfa71c65	Thu Feb 01 2018 12:43:54 GMT-0700 (MST)	a028e5		39.789093	-104.985411	39925	239	64	0
5a736dfae9630e33cfa71c66	Thu Feb 01 2018 12:43:54 GMT-0700 (MST)	acd135		39.950665	-105.056763	15300	274	1152	0
5a736dfae9630e33cfa71c67	Thu Feb 01 2018 12:43:54 GMT-0700 (MST)	aa7734	SWA767  	39.7274	-105.388123	37950	250	0	0
5a736dffe9630e33cfa71c68	Thu Feb 01 2018 12:43:59 GMT-0700 (MST)	a028e5		39.783961	-104.996155	39925	239	0	0
5a736dffe9630e33cfa71c69	Thu Feb 01 2018 12:43:59 GMT-0700 (MST)	acd135		39.950665	-105.056763	15300	273	1152	0
5a736e04e9630e33cfa71c6a	Thu Feb 01 2018 12:44:04 GMT-0700 (MST)	a028e5		39.783961	-104.996155	39925	239	0	0
5a736e04e9630e33cfa71c6b	Thu Feb 01 2018 12:44:04 GMT-0700 (MST)	acd135		39.951187	-105.071533	15475	273	1152	0
5a736e09e9630e33cfa71c6c	Thu Feb 01 2018 12:44:09 GMT-0700 (MST)	a028e5		39.783961	-104.996155	39925	239	0	0
5a736e09e9630e33cfa71c6d	Thu Feb 01 2018 12:44:09 GMT-0700 (MST)	acd135		39.951549	-105.081732	15575	273	1152	0
5a736e0ee9630e33cfa71c6e	Thu Feb 01 2018 12:44:14 GMT-0700 (MST)	a028e5		39.774261	-105.016818	39900	239	0	0
5a736e0ee9630e33cfa71c6f	Thu Feb 01 2018 12:44:14 GMT-0700 (MST)	acd135		39.951874	-105.089722	15675	273	1152	0
5a736e13e9630e33cfa71c70	Thu Feb 01 2018 12:44:19 GMT-0700 (MST)	a028e5		39.774261	-105.016818	39900	239	0	0
5a736e13e9630e33cfa71c71	Thu Feb 01 2018 12:44:19 GMT-0700 (MST)	acd135		39.952332	-105.099548	15775	274	1152	0
5a736e18e9630e33cfa71c72	Thu Feb 01 2018 12:44:24 GMT-0700 (MST)	a028e5		39.774261	-105.016818	39900	239	0	0
5a736e18e9630e33cfa71c73	Thu Feb 01 2018 12:44:24 GMT-0700 (MST)	acd135		39.952744	-105.109436	15900	274	1344	0
5a736e1de9630e33cfa71c74	Thu Feb 01 2018 12:44:29 GMT-0700 (MST)	a028e5		39.774261	-105.016818	39900	239	0	0
5a736e1de9630e33cfa71c75	Thu Feb 01 2018 12:44:29 GMT-0700 (MST)	acd135	SKW5719 	39.953039	-105.115252	15975	274	1344	0
5a736e22e9630e33cfa71c76	Thu Feb 01 2018 12:44:34 GMT-0700 (MST)	a028e5		39.774261	-105.016818	39900	239	0	0
5a736e22e9630e33cfa71c77	Thu Feb 01 2018 12:44:34 GMT-0700 (MST)	acd135	SKW5719 	39.953039	-105.115252	15975	274	1344	0
5a736e27e9630e33cfa71c78	Thu Feb 01 2018 12:44:39 GMT-0700 (MST)	a028e5		39.774261	-105.016818	39925	239	0	0
5a736e27e9630e33cfa71c79	Thu Feb 01 2018 12:44:39 GMT-0700 (MST)	acd135	SKW5719 	39.953568	-105.128235	16150	274	1344	0
5a736e2ce9630e33cfa71c7a	Thu Feb 01 2018 12:44:44 GMT-0700 (MST)	a028e5	GTI3555 	39.747977	-105.072876	39925	239	0	0
5a736e2ce9630e33cfa71c7b	Thu Feb 01 2018 12:44:44 GMT-0700 (MST)	acd135	SKW5719 	39.953568	-105.128235	16150	274	1856	0
5a736e31e9630e33cfa71c7c	Thu Feb 01 2018 12:44:49 GMT-0700 (MST)	a028e5	GTI3555 	39.747977	-105.072876	39925	239	0	0
5a736e31e9630e33cfa71c7d	Thu Feb 01 2018 12:44:49 GMT-0700 (MST)	acd135	SKW5719 	39.953568	-105.128235	16150	274	1856	0
5a736e36e9630e33cfa71c7e	Thu Feb 01 2018 12:44:54 GMT-0700 (MST)	a028e5	GTI3555 	39.739132	-105.091797	39900	239	0	0
5a736e36e9630e33cfa71c7f	Thu Feb 01 2018 12:44:54 GMT-0700 (MST)	acd135	SKW5719 	39.954849	-105.158691	16650	274	1472	0
5a736e3be9630e33cfa71c80	Thu Feb 01 2018 12:44:59 GMT-0700 (MST)	a028e5	GTI3555 	39.739132	-105.091797	39900	239	0	0
5a736e3be9630e33cfa71c81	Thu Feb 01 2018 12:44:59 GMT-0700 (MST)	acd135	SKW5719 	39.955181	-105.167375	16775	274	1472	0
5a736e40e9630e33cfa71c82	Thu Feb 01 2018 12:45:04 GMT-0700 (MST)	a028e5	GTI3555 	39.739132	-105.091797	39900	239	0	0
5a736e40e9630e33cfa71c83	Thu Feb 01 2018 12:45:04 GMT-0700 (MST)	acd135	SKW5719 	39.955181	-105.167375	16775	274	1472	0
5a736e45e9630e33cfa71c84	Thu Feb 01 2018 12:45:09 GMT-0700 (MST)	a028e5	GTI3555 	39.739132	-105.091797	39900	239	0	0
5a736e45e9630e33cfa71c85	Thu Feb 01 2018 12:45:09 GMT-0700 (MST)	acd135	SKW5719 	39.955673	-105.180786	17025	274	1472	0
5a736e4ae9630e33cfa71c86	Thu Feb 01 2018 12:45:14 GMT-0700 (MST)	a028e5	GTI3555 	39.739132	-105.091797	39875	239	0	0
5a736e4ae9630e33cfa71c87	Thu Feb 01 2018 12:45:14 GMT-0700 (MST)	acd135	SKW5719 	39.955673	-105.180786	17025	274	1472	0
5a736e4fe9630e33cfa71c88	Thu Feb 01 2018 12:45:19 GMT-0700 (MST)	a028e5	GTI3555 	39.739132	-105.091797	39875	239	0	0
5a736e4fe9630e33cfa71c89	Thu Feb 01 2018 12:45:19 GMT-0700 (MST)	acd135	SKW5719 	39.955673	-105.180786	17025	274	1472	0
5a736e54e9630e33cfa71c8a	Thu Feb 01 2018 12:45:24 GMT-0700 (MST)	a028e5	GTI3555 	39.739132	-105.091797	39900	239	0	0
5a736e54e9630e33cfa71c8b	Thu Feb 01 2018 12:45:24 GMT-0700 (MST)	acd135	SKW5719 	39.955673	-105.180786	17025	274	1472	0
5a736e59e9630e33cfa71c8c	Thu Feb 01 2018 12:45:29 GMT-0700 (MST)	a028e5	GTI3555 	39.739132	-105.091797	39900	239	0	0
5a736e59e9630e33cfa71c8d	Thu Feb 01 2018 12:45:29 GMT-0700 (MST)	acd135	SKW5719 	39.955673	-105.180786	17025	274	1472	0
5a736e5ee9630e33cfa71c8e	Thu Feb 01 2018 12:45:34 GMT-0700 (MST)	0d0aaf		40.030083	-105.151208	27025	269	-192	0
5a736e5ee9630e33cfa71c8f	Thu Feb 01 2018 12:45:34 GMT-0700 (MST)	a028e5	GTI3555 	39.739132	-105.091797	39900	239	0	0
5a736e5ee9630e33cfa71c90	Thu Feb 01 2018 12:45:34 GMT-0700 (MST)	acd135	SKW5719 	39.955673	-105.180786	17025	274	1472	0
5a736e63e9630e33cfa71c91	Thu Feb 01 2018 12:45:39 GMT-0700 (MST)	0d0aaf		40.029922	-105.164185	27000	269	-192	0
5a736e63e9630e33cfa71c92	Thu Feb 01 2018 12:45:39 GMT-0700 (MST)	a028e5	GTI3555 	39.739132	-105.091797	39925	239	0	0
5a736e63e9630e33cfa71c93	Thu Feb 01 2018 12:45:39 GMT-0700 (MST)	acd135	SKW5719 	39.955673	-105.180786	17025	274	1472	0
5a736e68e9630e33cfa71c94	Thu Feb 01 2018 12:45:44 GMT-0700 (MST)	0d0aaf		40.029922	-105.164185	27000	269	-192	0
5a736e68e9630e33cfa71c95	Thu Feb 01 2018 12:45:44 GMT-0700 (MST)	a028e5	GTI3555 	39.691635	-105.191465	39925	239	-128	0
5a736e68e9630e33cfa71c96	Thu Feb 01 2018 12:45:44 GMT-0700 (MST)	acd135	SKW5719 	39.955673	-105.180786	17025	274	1472	0
5a736e6de9630e33cfa71c97	Thu Feb 01 2018 12:45:49 GMT-0700 (MST)	0d0aaf		40.029922	-105.164185	27000	269	-192	0
5a736e6de9630e33cfa71c98	Thu Feb 01 2018 12:45:49 GMT-0700 (MST)	a028e5	GTI3555 	39.687133	-105.200928	39925	239	-128	0
5a736e6de9630e33cfa71c99	Thu Feb 01 2018 12:45:49 GMT-0700 (MST)	acd135	SKW5719 	39.955673	-105.180786	17025	274	1472	0
5a736e72e9630e33cfa71c9a	Thu Feb 01 2018 12:45:54 GMT-0700 (MST)	0d0aaf		40.029922	-105.164185	27000	269	-192	0
5a736e72e9630e33cfa71c9b	Thu Feb 01 2018 12:45:54 GMT-0700 (MST)	a028e5	GTI3555 	39.681564	-105.212721	39900	239	-192	0
5a736e72e9630e33cfa71c9c	Thu Feb 01 2018 12:45:54 GMT-0700 (MST)	acd135	SKW5719 	39.955673	-105.180786	18075	274	1472	0
5a736e77e9630e33cfa71c9d	Thu Feb 01 2018 12:45:59 GMT-0700 (MST)	0d0aaf		40.029922	-105.164185	27000	269	-192	0
5a736e77e9630e33cfa71c9e	Thu Feb 01 2018 12:45:59 GMT-0700 (MST)	a028e5	GTI3555 	39.676705	-105.223022	39875	239	-128	0
5a736e77e9630e33cfa71c9f	Thu Feb 01 2018 12:45:59 GMT-0700 (MST)	acd135	SKW5719 	39.955673	-105.180786	18075	274	1472	0
5a736e7ce9630e33cfa71ca0	Thu Feb 01 2018 12:46:04 GMT-0700 (MST)	0d0aaf		40.029922	-105.164185	27000	269	-192	0
5a736e7ce9630e33cfa71ca1	Thu Feb 01 2018 12:46:04 GMT-0700 (MST)	a028e5	GTI3555 	39.673121	-105.230591	39875	239	-64	0
5a736e7ce9630e33cfa71ca2	Thu Feb 01 2018 12:46:04 GMT-0700 (MST)	acd135	SKW5719 	39.955673	-105.180786	18075	274	1472	0
5a736e81e9630e33cfa71ca3	Thu Feb 01 2018 12:46:09 GMT-0700 (MST)	0d0aaf		40.029922	-105.164185	27000	269	-192	0
5a736e81e9630e33cfa71ca4	Thu Feb 01 2018 12:46:09 GMT-0700 (MST)	a028e5	GTI3555 	39.671305	-105.234436	39875	239	0	0
5a736e86e9630e33cfa71ca5	Thu Feb 01 2018 12:46:14 GMT-0700 (MST)	0d0aaf		40.029922	-105.164185	27000	269	-192	0
5a736e86e9630e33cfa71ca6	Thu Feb 01 2018 12:46:14 GMT-0700 (MST)	a028e5	GTI3555 	39.671305	-105.234436	39875	239	0	0
5a736e8be9630e33cfa71ca7	Thu Feb 01 2018 12:46:19 GMT-0700 (MST)	0d0aaf		40.029922	-105.164185	27000	269	-192	0
5a736e8be9630e33cfa71ca8	Thu Feb 01 2018 12:46:19 GMT-0700 (MST)	a028e5	GTI3555 	39.671305	-105.234436	39875	239	0	0
5a736e90e9630e33cfa71ca9	Thu Feb 01 2018 12:46:24 GMT-0700 (MST)	0d0aaf		40.029922	-105.164185	27000	269	-192	0
5a736e90e9630e33cfa71caa	Thu Feb 01 2018 12:46:24 GMT-0700 (MST)	a028e5	GTI3555 	39.671305	-105.234436	39875	239	0	0
5a736e95e9630e33cfa71cab	Thu Feb 01 2018 12:46:29 GMT-0700 (MST)	0d0aaf		40.029922	-105.164185	27000	269	-192	0
5a736e95e9630e33cfa71cac	Thu Feb 01 2018 12:46:29 GMT-0700 (MST)	a028e5	GTI3555 	39.671305	-105.234436	39875	239	0	0
5a736e9ae9630e33cfa71cad	Thu Feb 01 2018 12:46:34 GMT-0700 (MST)	0d0aaf		40.029922	-105.164185	27000	269	-192	0
5a736e9ae9630e33cfa71cae	Thu Feb 01 2018 12:46:34 GMT-0700 (MST)	a028e5	GTI3555 	39.671305	-105.234436	39875	239	0	0
5a736e9fe9630e33cfa71caf	Thu Feb 01 2018 12:46:39 GMT-0700 (MST)	0d0aaf		40.029922	-105.164185	27000	269	-192	0
5a736e9fe9630e33cfa71cb0	Thu Feb 01 2018 12:46:39 GMT-0700 (MST)	a028e5	GTI3555 	39.671305	-105.234436	39875	239	0	0
5a736ea4e9630e33cfa71cb1	Thu Feb 01 2018 12:46:44 GMT-0700 (MST)	a028e5	GTI3555 	39.671305	-105.234436	39875	239	0	0
5a736ea9e9630e33cfa71cb2	Thu Feb 01 2018 12:46:49 GMT-0700 (MST)	a028e5	GTI3555 	39.671305	-105.234436	39875	239	0	0
5a736eaee9630e33cfa71cb3	Thu Feb 01 2018 12:46:54 GMT-0700 (MST)	a028e5	GTI3555 	39.671305	-105.234436	39875	239	0	0
5a736eb3e9630e33cfa71cb4	Thu Feb 01 2018 12:46:59 GMT-0700 (MST)	a028e5	GTI3555 	39.671305	-105.234436	39875	239	0	0
5a736eb8e9630e33cfa71cb5	Thu Feb 01 2018 12:47:04 GMT-0700 (MST)	a028e5	GTI3555 	39.671305	-105.234436	39875	239	0	0
5a736f2be9630e33cfa71cb6	Thu Feb 01 2018 12:48:59 GMT-0700 (MST)	a6dc36	LXJ541  	40.015838	-105.115627	30025	288	-192	0
5a736f30e9630e33cfa71cb7	Thu Feb 01 2018 12:49:04 GMT-0700 (MST)	a6dc36	LXJ541  	40.015838	-105.115627	30025	288	-128	0
5a736f35e9630e33cfa71cb8	Thu Feb 01 2018 12:49:09 GMT-0700 (MST)	a6dc36	LXJ541  	40.020996	-105.137085	30000	288	-128	0
5a736f3ae9630e33cfa71cb9	Thu Feb 01 2018 12:49:14 GMT-0700 (MST)	a6dc36	LXJ541  	40.020996	-105.137085	30000	288	-128	0
5a736f3fe9630e33cfa71cba	Thu Feb 01 2018 12:49:19 GMT-0700 (MST)	a6dc36	LXJ541  	40.020996	-105.137085	30000	288	-128	0
5a736f44e9630e33cfa71cbb	Thu Feb 01 2018 12:49:24 GMT-0700 (MST)	a6dc36	LXJ541  	40.028361	-105.167313	30000	288	-128	0
5a736f49e9630e33cfa71cbc	Thu Feb 01 2018 12:49:29 GMT-0700 (MST)	a6dc36	LXJ541  	40.028361	-105.167313	30000	288	-128	0
5a736f4ee9630e33cfa71cbd	Thu Feb 01 2018 12:49:34 GMT-0700 (MST)	a6dc36	LXJ541  	40.028361	-105.167313	30000	288	-128	0
5a736f53e9630e33cfa71cbe	Thu Feb 01 2018 12:49:39 GMT-0700 (MST)	a6dc36	LXJ541  	40.028361	-105.167313	30000	288	-128	0
5a736f58e9630e33cfa71cbf	Thu Feb 01 2018 12:49:44 GMT-0700 (MST)	a6dc36	LXJ541  	40.028361	-105.167313	30000	288	-128	0
5a736f5de9630e33cfa71cc0	Thu Feb 01 2018 12:49:49 GMT-0700 (MST)	a6dc36	LXJ541  	40.028361	-105.167313	30000	288	-128	0
5a736f62e9630e33cfa71cc1	Thu Feb 01 2018 12:49:54 GMT-0700 (MST)	a6dc36	LXJ541  	40.028361	-105.167313	30000	288	-128	0
5a736f67e9630e33cfa71cc2	Thu Feb 01 2018 12:49:59 GMT-0700 (MST)	a6dc36	LXJ541  	40.028361	-105.167313	30000	288	-128	0
5a736f6ce9630e33cfa71cc3	Thu Feb 01 2018 12:50:04 GMT-0700 (MST)	a6dc36	LXJ541  	40.028361	-105.167313	30000	288	-128	0
5a736f71e9630e33cfa71cc4	Thu Feb 01 2018 12:50:09 GMT-0700 (MST)	a6dc36	LXJ541  	40.028361	-105.167313	30000	288	-128	0
5a736f76e9630e33cfa71cc5	Thu Feb 01 2018 12:50:14 GMT-0700 (MST)	a6dc36	LXJ541  	40.028361	-105.167313	30000	288	-128	0
5a736f7be9630e33cfa71cc6	Thu Feb 01 2018 12:50:19 GMT-0700 (MST)	a6dc36	LXJ541  	40.028361	-105.167313	30000	288	-128	0
5a736f8ae9630e33cfa71cc7	Thu Feb 01 2018 12:50:34 GMT-0700 (MST)	a01016		39.857235	-105.017517	6725	305	64	0
5a736f8fe9630e33cfa71cc8	Thu Feb 01 2018 12:50:39 GMT-0700 (MST)	a01016		39.85919	-105.02124	6725	305	64	0
5a736f94e9630e33cfa71cc9	Thu Feb 01 2018 12:50:44 GMT-0700 (MST)	a01016		39.86175	-105.026367	6725	305	64	0
5a736f99e9630e33cfa71cca	Thu Feb 01 2018 12:50:49 GMT-0700 (MST)	a01016		39.864075	-105.031028	6675	304	-576	0
5a736f9ee9630e33cfa71ccb	Thu Feb 01 2018 12:50:54 GMT-0700 (MST)	a01016		39.864075	-105.031028	6675	304	-576	0
5a736fa3e9630e33cfa71ccc	Thu Feb 01 2018 12:50:59 GMT-0700 (MST)	a01016		39.867737	-105.038253	6550	304	-640	0
5a736fa8e9630e33cfa71ccd	Thu Feb 01 2018 12:51:04 GMT-0700 (MST)	a01016		39.87013	-105.042969	6475	304	-640	0
5a736fade9630e33cfa71cce	Thu Feb 01 2018 12:51:09 GMT-0700 (MST)	a01016		39.871033	-105.044702	6450	305	-768	0
5a736fb2e9630e33cfa71ccf	Thu Feb 01 2018 12:51:14 GMT-0700 (MST)	a01016	N103CL  	39.873917	-105.050195	6325	305	-1152	0
5a736fb7e9630e33cfa71cd0	Thu Feb 01 2018 12:51:19 GMT-0700 (MST)	a01016	N103CL  	39.875762	-105.05365	6250	305	-768	0
5a736fbce9630e33cfa71cd1	Thu Feb 01 2018 12:51:24 GMT-0700 (MST)	a01016	N103CL  	39.87735	-105.056763	6200	305	-640	0
5a736fc1e9630e33cfa71cd2	Thu Feb 01 2018 12:51:29 GMT-0700 (MST)	a01016	N103CL  	39.87944	-105.060669	6125	305	-704	0
5a736fc6e9630e33cfa71cd3	Thu Feb 01 2018 12:51:34 GMT-0700 (MST)	a01016	N103CL  	39.881116	-105.063721	6075	306	-768	0
5a736fcbe9630e33cfa71cd4	Thu Feb 01 2018 12:51:39 GMT-0700 (MST)	a01016	N103CL  	39.882745	-105.066772	6000	306	-768	0
5a736fd0e9630e33cfa71cd5	Thu Feb 01 2018 12:51:44 GMT-0700 (MST)	a01016	N103CL  	39.884328	-105.069702	5950	305	-640	0
5a736fd5e9630e33cfa71cd6	Thu Feb 01 2018 12:51:49 GMT-0700 (MST)	a01016	N103CL  	39.88559	-105.072048	5900	305	-640	0
5a736fdae9630e33cfa71cd7	Thu Feb 01 2018 12:51:54 GMT-0700 (MST)	a01016	N103CL  	39.887261	-105.075134	5850	306	-640	0
5a736fdfe9630e33cfa71cd8	Thu Feb 01 2018 12:51:59 GMT-0700 (MST)	a01016	N103CL  	39.888657	-105.07782	5800	305	-704	0
5a736fe4e9630e33cfa71cd9	Thu Feb 01 2018 12:52:04 GMT-0700 (MST)	a01016	N103CL  	39.890845	-105.08197	5725	305	-576	0
5a736fe9e9630e33cfa71cda	Thu Feb 01 2018 12:52:09 GMT-0700 (MST)	a01016	N103CL  	39.890845	-105.08197	5725	306	-576	0
5a736feee9630e33cfa71cdb	Thu Feb 01 2018 12:52:14 GMT-0700 (MST)	a01016	N103CL  	39.893778	-105.087341	5650	306	-576	0
5a736ff3e9630e33cfa71cdc	Thu Feb 01 2018 12:52:19 GMT-0700 (MST)	a01016	N103CL  	39.894709	-105.089172	5600	304	-640	0
5a736ff8e9630e33cfa71cdd	Thu Feb 01 2018 12:52:24 GMT-0700 (MST)	a01016	N103CL  	39.894709	-105.089172	5600	304	-640	0
5a736ffde9630e33cfa71cde	Thu Feb 01 2018 12:52:29 GMT-0700 (MST)	a01016	N103CL  	39.894709	-105.089172	5600	304	-640	0
5a737002e9630e33cfa71cdf	Thu Feb 01 2018 12:52:34 GMT-0700 (MST)	a01016	N103CL  	39.894709	-105.089172	5600	304	-640	0
5a737007e9630e33cfa71ce0	Thu Feb 01 2018 12:52:39 GMT-0700 (MST)	a01016	N103CL  	39.894709	-105.089172	5600	304	-640	0
5a73700ce9630e33cfa71ce1	Thu Feb 01 2018 12:52:44 GMT-0700 (MST)	a01016	N103CL  	39.894709	-105.089172	5325	304	-640	0
5a737011e9630e33cfa71ce2	Thu Feb 01 2018 12:52:49 GMT-0700 (MST)	a01016	N103CL  	39.894709	-105.089172	5325	304	-640	0
5a737016e9630e33cfa71ce3	Thu Feb 01 2018 12:52:54 GMT-0700 (MST)	a01016	N103CL  	39.894709	-105.089172	5325	304	-640	0
5a73701be9630e33cfa71ce4	Thu Feb 01 2018 12:52:59 GMT-0700 (MST)	a01016	N103CL  	39.894709	-105.089172	5325	304	-640	0
5a737020e9630e33cfa71ce5	Thu Feb 01 2018 12:53:04 GMT-0700 (MST)	a01016	N103CL  	39.894709	-105.089172	5325	304	-640	0
5a737026e9630e33cfa71ce6	Thu Feb 01 2018 12:53:10 GMT-0700 (MST)	a01016	N103CL  	39.894709	-105.089172	5325	304	-640	0
5a73702be9630e33cfa71ce7	Thu Feb 01 2018 12:53:15 GMT-0700 (MST)	a01016	N103CL  	39.894709	-105.089172	5325	304	-640	0
5a7371b1e9630e33cfa71ce8	Thu Feb 01 2018 12:59:45 GMT-0700 (MST)	0d07ca		39.960162	-105.097837	28900			0
5a7371b6e9630e33cfa71ce9	Thu Feb 01 2018 12:59:50 GMT-0700 (MST)	0d07ca		39.960162	-105.097837	28900			0
5a7371bbe9630e33cfa71cea	Thu Feb 01 2018 12:59:55 GMT-0700 (MST)	0d07ca		39.960162	-105.097837	28900			0
5a7371c0e9630e33cfa71ceb	Thu Feb 01 2018 13:00:00 GMT-0700 (MST)	0d07ca		39.960162	-105.097837	28900			0
5a7371c5e9630e33cfa71cec	Thu Feb 01 2018 13:00:05 GMT-0700 (MST)	0d07ca		39.960162	-105.097837	28900			0
5a7371cae9630e33cfa71ced	Thu Feb 01 2018 13:00:10 GMT-0700 (MST)	0d07ca		39.960162	-105.097837	28425			0
5a7371cfe9630e33cfa71cee	Thu Feb 01 2018 13:00:15 GMT-0700 (MST)	0d07ca		39.959324	-105.157013	28350			0
5a7371d4e9630e33cfa71cef	Thu Feb 01 2018 13:00:20 GMT-0700 (MST)	0d07ca		39.959324	-105.157013	28350			0
5a7371d9e9630e33cfa71cf0	Thu Feb 01 2018 13:00:25 GMT-0700 (MST)	0d07ca		39.959324	-105.157013	28350			0
5a7371dee9630e33cfa71cf1	Thu Feb 01 2018 13:00:30 GMT-0700 (MST)	0d07ca		39.959324	-105.157013	28350			0
5a7371e3e9630e33cfa71cf2	Thu Feb 01 2018 13:00:35 GMT-0700 (MST)	0d07ca		39.959324	-105.157013	28350			0
5a7371e8e9630e33cfa71cf3	Thu Feb 01 2018 13:00:40 GMT-0700 (MST)	0d07ca		39.959324	-105.157013	28350			0
5a7371ede9630e33cfa71cf4	Thu Feb 01 2018 13:00:45 GMT-0700 (MST)	0d07ca		39.959324	-105.157013	28350			0
5a7371f2e9630e33cfa71cf5	Thu Feb 01 2018 13:00:50 GMT-0700 (MST)	0d07ca		39.959324	-105.157013	28350			0
5a7371f7e9630e33cfa71cf6	Thu Feb 01 2018 13:00:55 GMT-0700 (MST)	0d07ca		39.959324	-105.157013	28350			0
5a7371fce9630e33cfa71cf7	Thu Feb 01 2018 13:01:00 GMT-0700 (MST)	0d07ca		39.959324	-105.157013	28350			0
5a737201e9630e33cfa71cf8	Thu Feb 01 2018 13:01:05 GMT-0700 (MST)	0d07ca		39.959324	-105.157013	28350			0
5a737206e9630e33cfa71cf9	Thu Feb 01 2018 13:01:10 GMT-0700 (MST)	0d07ca		39.959324	-105.157013	28350			0
5a7372bfe9630e33cfa71cfa	Thu Feb 01 2018 13:04:15 GMT-0700 (MST)	abebe0	SWA1657 	39.774307	-105.007802	16250	238	2368	0
5a7372c4e9630e33cfa71cfb	Thu Feb 01 2018 13:04:20 GMT-0700 (MST)	abebe0	SWA1657 	39.771718	-105.013672	16325	241	1024	0
5a7372c9e9630e33cfa71cfc	Thu Feb 01 2018 13:04:25 GMT-0700 (MST)	abebe0	SWA1657 	39.771718	-105.013672	16325	244	1536	0
5a7372cee9630e33cfa71cfd	Thu Feb 01 2018 13:04:30 GMT-0700 (MST)	abebe0	SWA1657 	39.765527	-105.029724	16575	244	1536	0
5a7372d3e9630e33cfa71cfe	Thu Feb 01 2018 13:04:35 GMT-0700 (MST)	abebe0	SWA1657 	39.765527	-105.029724	16575	244	1536	0
5a7372d8e9630e33cfa71cff	Thu Feb 01 2018 13:04:40 GMT-0700 (MST)	abebe0	SWA1657 	39.7603	-105.044582	16900	246	2112	0
5a7372dde9630e33cfa71d00	Thu Feb 01 2018 13:04:45 GMT-0700 (MST)	abebe0	SWA1657 	39.758078	-105.050903	17000	246	1792	0
5a7372e2e9630e33cfa71d01	Thu Feb 01 2018 13:04:50 GMT-0700 (MST)	abebe0	SWA1657 	39.758078	-105.050903	17000	246	2304	0
5a7372e7e9630e33cfa71d02	Thu Feb 01 2018 13:04:55 GMT-0700 (MST)	abebe0	SWA1657 	39.758078	-105.050903	17000	246	2304	0
5a7372ece9630e33cfa71d03	Thu Feb 01 2018 13:05:00 GMT-0700 (MST)	abebe0	SWA1657 	39.758078	-105.050903	17000	246	2304	0
5a7372f1e9630e33cfa71d04	Thu Feb 01 2018 13:05:05 GMT-0700 (MST)	abebe0	SWA1657 	39.758078	-105.050903	17000	246	2304	0
5a7372f6e9630e33cfa71d05	Thu Feb 01 2018 13:05:10 GMT-0700 (MST)	abebe0	SWA1657 	39.758078	-105.050903	17000	246	2304	0
5a7372fbe9630e33cfa71d06	Thu Feb 01 2018 13:05:15 GMT-0700 (MST)	abebe0	SWA1657 	39.758078	-105.050903	17000	246	2304	0
5a737300e9630e33cfa71d07	Thu Feb 01 2018 13:05:20 GMT-0700 (MST)	abebe0	SWA1657 	39.758078	-105.050903	17000	246	2304	0
5a737305e9630e33cfa71d08	Thu Feb 01 2018 13:05:25 GMT-0700 (MST)	abebe0	SWA1657 	39.758078	-105.050903	17000	246	2304	0
5a73730ae9630e33cfa71d09	Thu Feb 01 2018 13:05:30 GMT-0700 (MST)	abebe0	SWA1657 	39.758078	-105.050903	17000	246	2304	0
5a73730fe9630e33cfa71d0a	Thu Feb 01 2018 13:05:35 GMT-0700 (MST)	abebe0	SWA1657 	39.758078	-105.050903	17000	246	2304	0
5a737314e9630e33cfa71d0b	Thu Feb 01 2018 13:05:40 GMT-0700 (MST)	abebe0	SWA1657 	39.758078	-105.050903	19475	246	2304	0
5a73731ee9630e33cfa71d0c	Thu Feb 01 2018 13:05:50 GMT-0700 (MST)	abebe0	SWA1657 	39.716228	-105.167847	19950	245	2624	0
5a737323e9630e33cfa71d0d	Thu Feb 01 2018 13:05:55 GMT-0700 (MST)	abebe0	SWA1657 	39.713654	-105.175045	20125	245	2624	0
5a737328e9630e33cfa71d0e	Thu Feb 01 2018 13:06:00 GMT-0700 (MST)	abebe0	SWA1657 	39.713654	-105.175045	20125	245	2624	0
5a73732de9630e33cfa71d0f	Thu Feb 01 2018 13:06:05 GMT-0700 (MST)	abebe0	SWA1657 	39.713654	-105.175045	20125	245	2624	0
5a737332e9630e33cfa71d10	Thu Feb 01 2018 13:06:10 GMT-0700 (MST)	abd254		39.845261	-104.978425	15650	255	2496	0
5a737332e9630e33cfa71d11	Thu Feb 01 2018 13:06:10 GMT-0700 (MST)	abebe0	SWA1657 	39.713654	-105.175045	20125	245	2624	0
5a737337e9630e33cfa71d12	Thu Feb 01 2018 13:06:15 GMT-0700 (MST)	abd254	1994	39.843641	-104.986145	15850	255	2368	0
5a737337e9630e33cfa71d13	Thu Feb 01 2018 13:06:15 GMT-0700 (MST)	abebe0	SWA1657 	39.713654	-105.175045	20125	245	2624	0
5a73733ce9630e33cfa71d14	Thu Feb 01 2018 13:06:20 GMT-0700 (MST)	abd254	1994	39.841965	-104.99389	16050	255	2560	0
5a73733ce9630e33cfa71d15	Thu Feb 01 2018 13:06:20 GMT-0700 (MST)	abebe0	SWA1657 	39.713654	-105.175045	20125	245	2624	0
5a737341e9630e33cfa71d16	Thu Feb 01 2018 13:06:25 GMT-0700 (MST)	abd254	1994	39.840709	-104.999817	16225	255	2944	0
5a737341e9630e33cfa71d17	Thu Feb 01 2018 13:06:25 GMT-0700 (MST)	a66217	N510GT  	39.944412	-105.055359	10275	148	2816	0
5a737341e9630e33cfa71d18	Thu Feb 01 2018 13:06:25 GMT-0700 (MST)	abebe0	SWA1657 	39.713654	-105.175045	21075	245	2624	0
5a737346e9630e33cfa71d19	Thu Feb 01 2018 13:06:30 GMT-0700 (MST)	abd254	1994	39.839126	-105.007263	16475	255	2944	0
5a737346e9630e33cfa71d1a	Thu Feb 01 2018 13:06:30 GMT-0700 (MST)	a66217	N510GT  	39.944412	-105.055359	10275	148	2816	0
5a737346e9630e33cfa71d1b	Thu Feb 01 2018 13:06:30 GMT-0700 (MST)	abebe0	SWA1657 	39.713654	-105.175045	21075	245	2624	0
5a73734be9630e33cfa71d1c	Thu Feb 01 2018 13:06:35 GMT-0700 (MST)	abd254	1994	39.836792	-105.018251	16800	255	2816	0
5a73734be9630e33cfa71d1d	Thu Feb 01 2018 13:06:35 GMT-0700 (MST)	a66217	N510GT  	39.944412	-105.055359	10275	160	4800	0
5a73734be9630e33cfa71d1e	Thu Feb 01 2018 13:06:35 GMT-0700 (MST)	abebe0	SWA1657 	39.713654	-105.175045	21075	245	2624	0
5a737350e9630e33cfa71d1f	Thu Feb 01 2018 13:06:40 GMT-0700 (MST)	abd254	1994	39.835831	-105.02261	16925	255	2560	0
5a737350e9630e33cfa71d20	Thu Feb 01 2018 13:06:40 GMT-0700 (MST)	a66217	N510GT  	39.944412	-105.055359	10275	160	4544	0
5a737350e9630e33cfa71d21	Thu Feb 01 2018 13:06:40 GMT-0700 (MST)	abebe0	SWA1657 	39.713654	-105.175045	21075	246	832	0
5a737355e9630e33cfa71d22	Thu Feb 01 2018 13:06:45 GMT-0700 (MST)	abd254	1994	39.833446	-105.033752	17200	255	2368	0
5a737355e9630e33cfa71d23	Thu Feb 01 2018 13:06:45 GMT-0700 (MST)	a66217	N510GT  	39.944412	-105.055359	11725	157	4096	0
5a737355e9630e33cfa71d24	Thu Feb 01 2018 13:06:45 GMT-0700 (MST)	abebe0	SWA1657 	39.713654	-105.175045	21075	246	832	0
5a73735ae9630e33cfa71d25	Thu Feb 01 2018 13:06:50 GMT-0700 (MST)	abd254	1994	39.832809	-105.036641	17275	255	2304	0
5a73735ae9630e33cfa71d26	Thu Feb 01 2018 13:06:50 GMT-0700 (MST)	a66217	N510GT  	39.915053	-105.036499	11800	158	4160	0
5a73735ae9630e33cfa71d27	Thu Feb 01 2018 13:06:50 GMT-0700 (MST)	abebe0	SWA1657 	39.713654	-105.175045	21075	246	832	0
5a73735fe9630e33cfa71d28	Thu Feb 01 2018 13:06:55 GMT-0700 (MST)	abd254	1994	39.830095	-105.049194	17575	255	2560	0
5a73735fe9630e33cfa71d29	Thu Feb 01 2018 13:06:55 GMT-0700 (MST)	a66217	N510GT  	39.906281	-105.03067	12225	157	4352	0
5a73735fe9630e33cfa71d2a	Thu Feb 01 2018 13:06:55 GMT-0700 (MST)	abebe0	SWA1657 	39.713654	-105.175045	21075	246	832	0
5a737364e9630e33cfa71d2b	Thu Feb 01 2018 13:07:00 GMT-0700 (MST)	abd254	1994	39.828278	-105.0573	17800	255	2560	0
5a737364e9630e33cfa71d2c	Thu Feb 01 2018 13:07:00 GMT-0700 (MST)	a66217	N510GT  	39.896347	-105.023983	12700	158	4096	0
5a737369e9630e33cfa71d2d	Thu Feb 01 2018 13:07:05 GMT-0700 (MST)	abd254	1994	39.826464	-105.065491	18000	254	2304	0
5a737369e9630e33cfa71d2e	Thu Feb 01 2018 13:07:05 GMT-0700 (MST)	a66217	N510GT  	39.887924	-105.018311	13100	158	4096	0
5a73736ee9630e33cfa71d2f	Thu Feb 01 2018 13:07:10 GMT-0700 (MST)	abd254	1994	39.826126	-105.067092	18025	255	1984	0
5a73736ee9630e33cfa71d30	Thu Feb 01 2018 13:07:10 GMT-0700 (MST)	a66217	N510GT  	39.88363	-105.015198	13325	158	4672	0
5a737373e9630e33cfa71d31	Thu Feb 01 2018 13:07:15 GMT-0700 (MST)	abd254	1994	39.823531	-105.078674	18275	255	2048	0
5a737373e9630e33cfa71d32	Thu Feb 01 2018 13:07:15 GMT-0700 (MST)	a66217	N510GT  	39.873871	-105.008339	13925	157	5248	0
5a737378e9630e33cfa71d33	Thu Feb 01 2018 13:07:20 GMT-0700 (MST)	abd254	1994	39.821457	-105.088348	18525	255	2880	0
5a737378e9630e33cfa71d34	Thu Feb 01 2018 13:07:20 GMT-0700 (MST)	a66217	N510GT  	39.867828	-105.00404	14250	159	4480	0
5a73737de9630e33cfa71d35	Thu Feb 01 2018 13:07:25 GMT-0700 (MST)	abd254	1994	39.819667	-105.09668	18775	255	2944	0
5a73737de9630e33cfa71d36	Thu Feb 01 2018 13:07:25 GMT-0700 (MST)	a66217	N510GT  	39.867828	-105.00404	14250	160	4032	0
5a737382e9630e33cfa71d37	Thu Feb 01 2018 13:07:30 GMT-0700 (MST)	abd254	1994	39.817429	-105.106977	19025	255	2368	0
5a737382e9630e33cfa71d38	Thu Feb 01 2018 13:07:30 GMT-0700 (MST)	a66217	N510GT  	39.867828	-105.00404	14250	169	2048	0
5a737387e9630e33cfa71d39	Thu Feb 01 2018 13:07:35 GMT-0700 (MST)	abd254	1994	39.815414	-105.116411	19250	255	2304	0
5a737387e9630e33cfa71d3a	Thu Feb 01 2018 13:07:35 GMT-0700 (MST)	a66217	N510GT  	39.850159	-104.994248	14750	172	1728	0
5a73738ce9630e33cfa71d3b	Thu Feb 01 2018 13:07:40 GMT-0700 (MST)	abd254	1994	39.814872	-105.118774	19300	255	2560	0
5a73738ce9630e33cfa71d3c	Thu Feb 01 2018 13:07:40 GMT-0700 (MST)	a66217	N510GT  	39.850159	-104.994248	14750	172	1728	0
5a737391e9630e33cfa71d3d	Thu Feb 01 2018 13:07:45 GMT-0700 (MST)	abd254	1994	39.812684	-105.128845	19550	255	2880	0
5a737391e9630e33cfa71d3e	Thu Feb 01 2018 13:07:45 GMT-0700 (MST)	a66217	N510GT  	39.850159	-104.994248	14750	173	2944	0
5a737396e9630e33cfa71d3f	Thu Feb 01 2018 13:07:50 GMT-0700 (MST)	abd254	1994	39.810104	-105.140653	19875	255	2688	0
5a737396e9630e33cfa71d40	Thu Feb 01 2018 13:07:50 GMT-0700 (MST)	a66217	N510GT  	39.850159	-104.994248	14750	173	2944	0
5a73739be9630e33cfa71d41	Thu Feb 01 2018 13:07:55 GMT-0700 (MST)	abd254	1994	39.808727	-105.147095	20025	255	2176	0
5a73739be9630e33cfa71d42	Thu Feb 01 2018 13:07:55 GMT-0700 (MST)	a66217	N510GT  	39.850159	-104.994248	15825	173	2944	0
5a7373a0e9630e33cfa71d43	Thu Feb 01 2018 13:08:00 GMT-0700 (MST)	abd254	1994	39.80658	-105.156953	20225	255	2368	0
5a7373a0e9630e33cfa71d44	Thu Feb 01 2018 13:08:00 GMT-0700 (MST)	a66217	N510GT  	39.808634	-104.980896	15875	173	2944	0
5a7373a5e9630e33cfa71d45	Thu Feb 01 2018 13:08:05 GMT-0700 (MST)	abd254	1994	39.804337	-105.167163	20475	255	2560	0
5a7373a5e9630e33cfa71d46	Thu Feb 01 2018 13:08:05 GMT-0700 (MST)	a66217	N510GT  	39.808634	-104.980896	15875	173	2944	0
5a7373aae9630e33cfa71d47	Thu Feb 01 2018 13:08:10 GMT-0700 (MST)	abd254	1994	39.804337	-105.167163	20475	255	2176	0
5a7373aae9630e33cfa71d48	Thu Feb 01 2018 13:08:10 GMT-0700 (MST)	a66217	N510GT  	39.808634	-104.980896	15875	173	2944	0
5a7373afe9630e33cfa71d49	Thu Feb 01 2018 13:08:15 GMT-0700 (MST)	abd254	1994	39.804337	-105.167163	20475	255	2176	0
5a7373afe9630e33cfa71d4a	Thu Feb 01 2018 13:08:15 GMT-0700 (MST)	a66217	N510GT  	39.780982	-104.972107	16800	173	2944	0
5a7373b4e9630e33cfa71d4b	Thu Feb 01 2018 13:08:20 GMT-0700 (MST)	abd254	1994	39.804337	-105.167163	20475	255	2176	0
5a7373b4e9630e33cfa71d4c	Thu Feb 01 2018 13:08:20 GMT-0700 (MST)	a66217	N510GT  	39.780982	-104.972107	16800	173	2944	0
5a7373b9e9630e33cfa71d4d	Thu Feb 01 2018 13:08:25 GMT-0700 (MST)	abd254	1994	39.797882	-105.196779	21000	255	2176	0
5a7373b9e9630e33cfa71d4e	Thu Feb 01 2018 13:08:25 GMT-0700 (MST)	a66217	N510GT  	39.780982	-104.972107	16800	173	2944	0
5a7373bee9630e33cfa71d4f	Thu Feb 01 2018 13:08:30 GMT-0700 (MST)	abd254	1994	39.796051	-105.205198	21150	255	1856	0
5a7373bee9630e33cfa71d50	Thu Feb 01 2018 13:08:30 GMT-0700 (MST)	a66217	N510GT  	39.780982	-104.972107	16800	173	2944	0
5a7373c3e9630e33cfa71d51	Thu Feb 01 2018 13:08:35 GMT-0700 (MST)	abd254	1994	39.793442	-105.217199	21350	255	1728	0
5a7373c3e9630e33cfa71d52	Thu Feb 01 2018 13:08:35 GMT-0700 (MST)	a66217	N510GT  	39.746841	-104.961289	17575	173	2944	0
5a7373c8e9630e33cfa71d53	Thu Feb 01 2018 13:08:40 GMT-0700 (MST)	abd254	1994	39.791153	-105.227946	21475	255	1216	0
5a7373c8e9630e33cfa71d54	Thu Feb 01 2018 13:08:40 GMT-0700 (MST)	a66217	N510GT  	39.731552	-104.956512	17975	173	2944	0
5a7373cde9630e33cfa71d55	Thu Feb 01 2018 13:08:45 GMT-0700 (MST)	abd254	1994	39.790758	-105.229736	21500	255	1216	0
5a7373cde9630e33cfa71d56	Thu Feb 01 2018 13:08:45 GMT-0700 (MST)	a66217	N510GT  	39.731552	-104.956512	17975	173	2944	0
5a7373d2e9630e33cfa71d57	Thu Feb 01 2018 13:08:50 GMT-0700 (MST)	abd254	1994	39.790758	-105.229736	21500	255	1216	0
5a7373d2e9630e33cfa71d58	Thu Feb 01 2018 13:08:50 GMT-0700 (MST)	a66217	N510GT  	39.731552	-104.956512	17975	173	2944	0
5a7373d7e9630e33cfa71d59	Thu Feb 01 2018 13:08:55 GMT-0700 (MST)	abd254	1994	39.790758	-105.229736	21500	255	1216	0
5a7373d7e9630e33cfa71d5a	Thu Feb 01 2018 13:08:55 GMT-0700 (MST)	a66217	N510GT  	39.70372	-104.947556	18900	173	2944	0
5a7373dce9630e33cfa71d5b	Thu Feb 01 2018 13:09:00 GMT-0700 (MST)	abd254	1994	39.790758	-105.229736	21775	255	1216	0
5a7373dce9630e33cfa71d5c	Thu Feb 01 2018 13:09:00 GMT-0700 (MST)	a66217	N510GT  	39.69928	-104.946183	19025	170	3776	0
5a7373e1e9630e33cfa71d5d	Thu Feb 01 2018 13:09:05 GMT-0700 (MST)	abd254	1994	39.790758	-105.229736	21775	255	1216	0
5a7373e1e9630e33cfa71d5e	Thu Feb 01 2018 13:09:05 GMT-0700 (MST)	a66217	N510GT  	39.69928	-104.946183	19025	170	3776	0
5a7373e6e9630e33cfa71d5f	Thu Feb 01 2018 13:09:10 GMT-0700 (MST)	abd254	1994	39.790758	-105.229736	21775	255	1216	0
5a7373e6e9630e33cfa71d60	Thu Feb 01 2018 13:09:10 GMT-0700 (MST)	a66217	N510GT  	39.69928	-104.946183	19025	170	3776	0
5a7373ebe9630e33cfa71d61	Thu Feb 01 2018 13:09:15 GMT-0700 (MST)	abd254	1994	39.790758	-105.229736	21775	255	1216	0
5a7373ebe9630e33cfa71d62	Thu Feb 01 2018 13:09:15 GMT-0700 (MST)	a66217	N510GT  	39.69928	-104.946183	19025	170	3776	0
5a7373f0e9630e33cfa71d63	Thu Feb 01 2018 13:09:20 GMT-0700 (MST)	abd254	1994	39.790758	-105.229736	21775	255	1216	0
5a7373f0e9630e33cfa71d64	Thu Feb 01 2018 13:09:20 GMT-0700 (MST)	a66217	N510GT  	39.69928	-104.946183	19025	170	3776	0
5a7373f5e9630e33cfa71d65	Thu Feb 01 2018 13:09:25 GMT-0700 (MST)	abd254	1994	39.790758	-105.229736	21775	255	1216	0
5a7373f5e9630e33cfa71d66	Thu Feb 01 2018 13:09:25 GMT-0700 (MST)	a66217	N510GT  	39.69928	-104.946183	19025	170	3776	0
5a7373fae9630e33cfa71d67	Thu Feb 01 2018 13:09:30 GMT-0700 (MST)	abd254	1994	39.790758	-105.229736	21775	255	1216	0
5a7373fae9630e33cfa71d68	Thu Feb 01 2018 13:09:30 GMT-0700 (MST)	a66217	N510GT  	39.69928	-104.946183	19025	170	3776	0
5a7373ffe9630e33cfa71d69	Thu Feb 01 2018 13:09:35 GMT-0700 (MST)	abd254	1994	39.790758	-105.229736	21775	255	1216	0
5a7373ffe9630e33cfa71d6a	Thu Feb 01 2018 13:09:35 GMT-0700 (MST)	a66217	N510GT  	39.69928	-104.946183	19025	170	3776	0
5a737404e9630e33cfa71d6b	Thu Feb 01 2018 13:09:40 GMT-0700 (MST)	abd254	1994	39.790758	-105.229736	21775	255	1216	0
5a737404e9630e33cfa71d6c	Thu Feb 01 2018 13:09:40 GMT-0700 (MST)	a66217	N510GT  	39.69928	-104.946183	19025	170	3776	0
5a737409e9630e33cfa71d6d	Thu Feb 01 2018 13:09:45 GMT-0700 (MST)	a66217	N510GT  	39.69928	-104.946183	19025	170	3776	0
5a73740ee9630e33cfa71d6e	Thu Feb 01 2018 13:09:50 GMT-0700 (MST)	a66217	N510GT  	39.69928	-104.946183	19025	170	3776	0
5a737413e9630e33cfa71d6f	Thu Feb 01 2018 13:09:55 GMT-0700 (MST)	a66217	N510GT  	39.69928	-104.946183	19025	170	3776	0
5a73753ae9630e33cfa71d70	Thu Feb 01 2018 13:14:50 GMT-0700 (MST)	a11fc7	UAL413  	39.77417	-105.008459	16000	240	2752	0
5a73753fe9630e33cfa71d71	Thu Feb 01 2018 13:14:55 GMT-0700 (MST)	a11fc7	UAL413  	39.771299	-105.015076	16175	241	2368	0
5a737544e9630e33cfa71d72	Thu Feb 01 2018 13:15:00 GMT-0700 (MST)	a11fc7	UAL413  	39.770042	-105.018127	16225	243	2368	0
5a737549e9630e33cfa71d73	Thu Feb 01 2018 13:15:05 GMT-0700 (MST)	a11fc7	UAL413  	39.76506	-105.03067	16500	244	2368	0
5a73754ee9630e33cfa71d74	Thu Feb 01 2018 13:15:10 GMT-0700 (MST)	a11fc7	UAL413  	39.763059	-105.03595	16625	245	2432	0
5a737553e9630e33cfa71d75	Thu Feb 01 2018 13:15:15 GMT-0700 (MST)	a11fc7	UAL413  	39.75975	-105.044881	16825	245	2432	0
5a737558e9630e33cfa71d76	Thu Feb 01 2018 13:15:20 GMT-0700 (MST)	a11fc7	UAL413  	39.75975	-105.044881	16825	245	2880	0
5a73755de9630e33cfa71d77	Thu Feb 01 2018 13:15:25 GMT-0700 (MST)	a11fc7	UAL413  	39.753342	-105.062495	17225	245	2880	0
5a737562e9630e33cfa71d78	Thu Feb 01 2018 13:15:30 GMT-0700 (MST)	a11fc7	UAL413  	39.753342	-105.062495	17225	245	2880	0
5a737567e9630e33cfa71d79	Thu Feb 01 2018 13:15:35 GMT-0700 (MST)	a11fc7	UAL413  	39.753342	-105.062495	17225	245	2880	0
5a73756ce9630e33cfa71d7a	Thu Feb 01 2018 13:15:40 GMT-0700 (MST)	a11fc7	UAL413  	39.753342	-105.062495	17225	245	2880	0
5a737571e9630e33cfa71d7b	Thu Feb 01 2018 13:15:45 GMT-0700 (MST)	a11fc7	UAL413  	39.753342	-105.062495	17225	245	2880	0
5a737577e9630e33cfa71d7c	Thu Feb 01 2018 13:15:51 GMT-0700 (MST)	a11fc7	UAL413  	39.753342	-105.062495	17225	245	2880	0
5a73757be9630e33cfa71d7d	Thu Feb 01 2018 13:15:55 GMT-0700 (MST)	a11fc7	UAL413  	39.753342	-105.062495	18475	245	2880	0
5a737580e9630e33cfa71d7e	Thu Feb 01 2018 13:16:00 GMT-0700 (MST)	a11fc7	UAL413  	39.753342	-105.062495	18475	245	2880	0
5a737586e9630e33cfa71d7f	Thu Feb 01 2018 13:16:06 GMT-0700 (MST)	a11fc7	UAL413  	39.753342	-105.062495	19200	246	3584	0
5a73758ae9630e33cfa71d80	Thu Feb 01 2018 13:16:10 GMT-0700 (MST)	a11fc7	UAL413  	39.753342	-105.062495	19500	246	3584	0
5a73758fe9630e33cfa71d81	Thu Feb 01 2018 13:16:15 GMT-0700 (MST)	a11fc7	UAL413  	39.720883	-105.154175	19500	246	3584	0
5a737595e9630e33cfa71d82	Thu Feb 01 2018 13:16:21 GMT-0700 (MST)	a11fc7	UAL413  	39.71521	-105.170149	19875	246	2304	0
5a73759ae9630e33cfa71d83	Thu Feb 01 2018 13:16:26 GMT-0700 (MST)	a11fc7	UAL413  	39.71109	-105.181732	20100	246	2240	0
5a73759ee9630e33cfa71d84	Thu Feb 01 2018 13:16:30 GMT-0700 (MST)	a11fc7	UAL413  	39.71109	-105.181732	20100	246	2240	0
5a7375a3e9630e33cfa71d85	Thu Feb 01 2018 13:16:35 GMT-0700 (MST)	a11fc7	UAL413  	39.71109	-105.181732	20100	246	2240	0
5a7375a9e9630e33cfa71d86	Thu Feb 01 2018 13:16:41 GMT-0700 (MST)	a11fc7	UAL413  	39.71109	-105.181732	20100	246	2240	0
5a7375ade9630e33cfa71d87	Thu Feb 01 2018 13:16:45 GMT-0700 (MST)	a11fc7	UAL413  	39.71109	-105.181732	20100	246	2240	0
